danceability,energy,key,loudness,mode,speechiness,acousticness,instrumentalness,liveness,valence,tempo,type,id,uri,track_href,analysis_url,duration_ms,time_signature
0.506,0.588,2,-8.995,1,0.0306,0.0185,0.0000166,0.0589,0.362,103.069,audio_features,2aNGaSTJcM4XszZlkeC46n,spotify:track:2aNGaSTJcM4XszZlkeC46n,https://api.spotify.com/v1/tracks/2aNGaSTJcM4XszZlkeC46n,https://api.spotify.com/v1/audio-analysis/2aNGaSTJcM4XszZlkeC46n,219947,4
0.804,0.458,0,-5.997,1,0.0302,0.162,0.00000258,0.0964,0.158,87.016,audio_features,2rPjWpn76p5oK7MOW4KvTh,spotify:track:2rPjWpn76p5oK7MOW4KvTh,https://api.spotify.com/v1/tracks/2rPjWpn76p5oK7MOW4KvTh,https://api.spotify.com/v1/audio-analysis/2rPjWpn76p5oK7MOW4KvTh,217293,4
0.419,0.529,7,-8.677,1,0.044,0.653,0.00000144,0.124,0.32,82.564,audio_features,50PvjebDhu2VQ84VxYjvVI,spotify:track:50PvjebDhu2VQ84VxYjvVI,https://api.spotify.com/v1/tracks/50PvjebDhu2VQ84VxYjvVI,https://api.spotify.com/v1/audio-analysis/50PvjebDhu2VQ84VxYjvVI,383507,4
0.637,0.697,0,-5.543,1,0.0912,0.297,0,0.0888,0.554,90.096,audio_features,0mnxmqbLPurbEtNt22BrKE,spotify:track:0mnxmqbLPurbEtNt22BrKE,https://api.spotify.com/v1/tracks/0mnxmqbLPurbEtNt22BrKE,https://api.spotify.com/v1/audio-analysis/0mnxmqbLPurbEtNt22BrKE,330000,4
0.749,0.355,11,-10.861,0,0.0347,0.381,0.000329,0.0854,0.542,128.362,audio_features,5Qyeh1HqfGKJFLFMugpcgv,spotify:track:5Qyeh1HqfGKJFLFMugpcgv,https://api.spotify.com/v1/tracks/5Qyeh1HqfGKJFLFMugpcgv,https://api.spotify.com/v1/audio-analysis/5Qyeh1HqfGKJFLFMugpcgv,232733,4
0.568,0.672,11,-9.177,0,0.0303,0.463,0.00367,0.354,0.329,102.899,audio_features,44JCg1QvEQkWqmdtRaZnUa,spotify:track:44JCg1QvEQkWqmdtRaZnUa,https://api.spotify.com/v1/tracks/44JCg1QvEQkWqmdtRaZnUa,https://api.spotify.com/v1/audio-analysis/44JCg1QvEQkWqmdtRaZnUa,235853,4
0.524,0.677,7,-8.909,1,0.0358,0.00857,0.78,0.476,0.497,102.86,audio_features,5cxBXZslPlWsIfQ8Pwf7Qr,spotify:track:5cxBXZslPlWsIfQ8Pwf7Qr,https://api.spotify.com/v1/tracks/5cxBXZslPlWsIfQ8Pwf7Qr,https://api.spotify.com/v1/audio-analysis/5cxBXZslPlWsIfQ8Pwf7Qr,244420,4
0.404,0.759,1,-6.309,0,0.0597,0.0607,0.511,0.176,0.797,82.371,audio_features,3EwGjMi96oleNxtlXXoonW,spotify:track:3EwGjMi96oleNxtlXXoonW,https://api.spotify.com/v1/tracks/3EwGjMi96oleNxtlXXoonW,https://api.spotify.com/v1/audio-analysis/3EwGjMi96oleNxtlXXoonW,308147,4
0.542,0.847,10,-7.37,0,0.0343,0.0000136,0.791,0.126,0.241,129.975,audio_features,7wgrVZNufwBsiLb12VjdWv,spotify:track:7wgrVZNufwBsiLb12VjdWv,https://api.spotify.com/v1/tracks/7wgrVZNufwBsiLb12VjdWv,https://api.spotify.com/v1/audio-analysis/7wgrVZNufwBsiLb12VjdWv,309693,4
0.658,0.637,9,-5.726,0,0.0703,0.253,0.0000203,0.649,0.736,109.347,audio_features,0hgBLkZoVasP6l2w3nWbiI,spotify:track:0hgBLkZoVasP6l2w3nWbiI,https://api.spotify.com/v1/tracks/0hgBLkZoVasP6l2w3nWbiI,https://api.spotify.com/v1/audio-analysis/0hgBLkZoVasP6l2w3nWbiI,248800,4
0.658,0.699,7,-4.856,1,0.324,0.259,0,0.353,0.792,66.564,audio_features,5V2bdNuCVbGJG8ztqJQb1r,spotify:track:5V2bdNuCVbGJG8ztqJQb1r,https://api.spotify.com/v1/tracks/5V2bdNuCVbGJG8ztqJQb1r,https://api.spotify.com/v1/audio-analysis/5V2bdNuCVbGJG8ztqJQb1r,93853,5
0.691,0.748,10,-8.1,0,0.0385,0.017,0.0116,0.0885,0.968,92.202,audio_features,3Fm514En3RXInsGJBgqvQc,spotify:track:3Fm514En3RXInsGJBgqvQc,https://api.spotify.com/v1/tracks/3Fm514En3RXInsGJBgqvQc,https://api.spotify.com/v1/audio-analysis/3Fm514En3RXInsGJBgqvQc,240627,4
0.783,0.754,4,-8.286,0,0.0379,0.0198,0.397,0.0249,0.651,123.396,audio_features,2wahCAgkjS1zAnzaZy1cIs,spotify:track:2wahCAgkjS1zAnzaZy1cIs,https://api.spotify.com/v1/tracks/2wahCAgkjS1zAnzaZy1cIs,https://api.spotify.com/v1/audio-analysis/2wahCAgkjS1zAnzaZy1cIs,206387,4
0.82,0.727,10,-9.925,0,0.0637,0.0492,0.00218,0.297,0.861,119.678,audio_features,6MP1nXFLIBUAsHDRGWlhOv,spotify:track:6MP1nXFLIBUAsHDRGWlhOv,https://api.spotify.com/v1/tracks/6MP1nXFLIBUAsHDRGWlhOv,https://api.spotify.com/v1/audio-analysis/6MP1nXFLIBUAsHDRGWlhOv,247333,4
0.839,0.618,0,-8.868,0,0.29,0.178,0.181,0.0819,0.961,85.409,audio_features,7xqUrcModMRC4M6wpvYLRh,spotify:track:7xqUrcModMRC4M6wpvYLRh,https://api.spotify.com/v1/tracks/7xqUrcModMRC4M6wpvYLRh,https://api.spotify.com/v1/audio-analysis/7xqUrcModMRC4M6wpvYLRh,435333,4
0.686,0.963,7,-3.211,1,0.0426,0.162,0.0663,0.0585,0.928,101.899,audio_features,3s0cHTqkHRe335M1C0uKPs,spotify:track:3s0cHTqkHRe335M1C0uKPs,https://api.spotify.com/v1/tracks/3s0cHTqkHRe335M1C0uKPs,https://api.spotify.com/v1/audio-analysis/3s0cHTqkHRe335M1C0uKPs,401427,4
0.306,0.732,9,-9.07,1,0.0734,0.00332,0.000429,0.0969,0.212,139.964,audio_features,048sDFIhE2CzXGY5sF5o1t,spotify:track:048sDFIhE2CzXGY5sF5o1t,https://api.spotify.com/v1/tracks/048sDFIhE2CzXGY5sF5o1t,https://api.spotify.com/v1/audio-analysis/048sDFIhE2CzXGY5sF5o1t,1100920,4
0.356,0.434,4,-9.361,0,0.0454,0.193,0.00565,0.134,0.0796,130.698,audio_features,3vPZNhkkhAupLlC9v3SrBj,spotify:track:3vPZNhkkhAupLlC9v3SrBj,https://api.spotify.com/v1/tracks/3vPZNhkkhAupLlC9v3SrBj,https://api.spotify.com/v1/audio-analysis/3vPZNhkkhAupLlC9v3SrBj,232493,3
0.264,0.902,5,-5.109,0,0.124,0.00253,0.0398,0.186,0.432,83.595,audio_features,4QQU3p0Me4SdxfayEOU66N,spotify:track:4QQU3p0Me4SdxfayEOU66N,https://api.spotify.com/v1/tracks/4QQU3p0Me4SdxfayEOU66N,https://api.spotify.com/v1/audio-analysis/4QQU3p0Me4SdxfayEOU66N,305907,4
0.445,0.698,11,-5.74,1,0.0307,0.421,0.0331,0.107,0.521,174.709,audio_features,1k7o67gk8hle7UfwC4t7bo,spotify:track:1k7o67gk8hle7UfwC4t7bo,https://api.spotify.com/v1/tracks/1k7o67gk8hle7UfwC4t7bo,https://api.spotify.com/v1/audio-analysis/1k7o67gk8hle7UfwC4t7bo,247600,4
0.539,0.674,7,-6.838,1,0.0268,0.0468,0.0235,0.11,0.766,139.075,audio_features,76o1OKnYwarhColk6NQZYX,spotify:track:76o1OKnYwarhColk6NQZYX,https://api.spotify.com/v1/tracks/76o1OKnYwarhColk6NQZYX,https://api.spotify.com/v1/audio-analysis/76o1OKnYwarhColk6NQZYX,217533,4
0.525,0.577,0,-8.733,1,0.203,0.417,0.0000109,0.175,0.821,169.264,audio_features,3l5onnbzAUvv7sPGyzIvyf,spotify:track:3l5onnbzAUvv7sPGyzIvyf,https://api.spotify.com/v1/tracks/3l5onnbzAUvv7sPGyzIvyf,https://api.spotify.com/v1/audio-analysis/3l5onnbzAUvv7sPGyzIvyf,341307,4
0.37,0.731,9,-8.061,1,0.0527,0.00503,0.509,0.106,0.0934,123.602,audio_features,38KkuEgkcdrxOIbqijawtU,spotify:track:38KkuEgkcdrxOIbqijawtU,https://api.spotify.com/v1/tracks/38KkuEgkcdrxOIbqijawtU,https://api.spotify.com/v1/audio-analysis/38KkuEgkcdrxOIbqijawtU,685800,4
0.616,0.683,2,-7.641,1,0.0588,0.0236,0.666,0.114,0.802,180.176,audio_features,3UwTk1QEuAdfwptvm9BDYF,spotify:track:3UwTk1QEuAdfwptvm9BDYF,https://api.spotify.com/v1/tracks/3UwTk1QEuAdfwptvm9BDYF,https://api.spotify.com/v1/audio-analysis/3UwTk1QEuAdfwptvm9BDYF,198653,4
0.695,0.301,8,-14.586,1,0.0397,0.432,0.00000802,0.0884,0.168,83.47,audio_features,1VeQHMy01OoHh5sjEZdvOo,spotify:track:1VeQHMy01OoHh5sjEZdvOo,https://api.spotify.com/v1/tracks/1VeQHMy01OoHh5sjEZdvOo,https://api.spotify.com/v1/audio-analysis/1VeQHMy01OoHh5sjEZdvOo,400933,4
0.415,0.989,9,-5.895,0,0.121,0.0000161,0.936,0.195,0.209,163.967,audio_features,1QFd5qx4LaFkBlz1S9TmSd,spotify:track:1QFd5qx4LaFkBlz1S9TmSd,https://api.spotify.com/v1/tracks/1QFd5qx4LaFkBlz1S9TmSd,https://api.spotify.com/v1/audio-analysis/1QFd5qx4LaFkBlz1S9TmSd,304280,4
0.393,0.756,10,-6.433,0,0.0526,0.0397,0.0134,0.154,0.491,106.405,audio_features,0MF90HVWjjt5Q7iHFESdB6,spotify:track:0MF90HVWjjt5Q7iHFESdB6,https://api.spotify.com/v1/tracks/0MF90HVWjjt5Q7iHFESdB6,https://api.spotify.com/v1/audio-analysis/0MF90HVWjjt5Q7iHFESdB6,391427,3
0.766,0.421,2,-9.791,1,0.0256,0.633,0.00000329,0.114,0.718,90.012,audio_features,1xNzAKZ1ZKS6s3P8IWnmru,spotify:track:1xNzAKZ1ZKS6s3P8IWnmru,https://api.spotify.com/v1/tracks/1xNzAKZ1ZKS6s3P8IWnmru,https://api.spotify.com/v1/audio-analysis/1xNzAKZ1ZKS6s3P8IWnmru,225120,4
0.511,0.162,7,-12.443,0,0.0436,0.969,0.178,0.129,0.199,114.861,audio_features,2NcgPWSQJgXwR6IjiHwXq0,spotify:track:2NcgPWSQJgXwR6IjiHwXq0,https://api.spotify.com/v1/tracks/2NcgPWSQJgXwR6IjiHwXq0,https://api.spotify.com/v1/audio-analysis/2NcgPWSQJgXwR6IjiHwXq0,248093,4
0.611,0.337,0,-11.391,1,0.0597,0.544,0.23,0.377,0.734,84.545,audio_features,7AX7qVqFljHOJC3FIQ8a6t,spotify:track:7AX7qVqFljHOJC3FIQ8a6t,https://api.spotify.com/v1/tracks/7AX7qVqFljHOJC3FIQ8a6t,https://api.spotify.com/v1/audio-analysis/7AX7qVqFljHOJC3FIQ8a6t,250120,4
0.751,0.104,1,-18.188,1,0.0681,0.0787,0.637,0.565,0.322,67.125,audio_features,0uAgK4A9KQXBTWS4gWZkFb,spotify:track:0uAgK4A9KQXBTWS4gWZkFb,https://api.spotify.com/v1/tracks/0uAgK4A9KQXBTWS4gWZkFb,https://api.spotify.com/v1/audio-analysis/0uAgK4A9KQXBTWS4gWZkFb,184093,4
0.581,0.588,2,-7.469,1,0.0555,0.0928,0.0141,0.0852,0.815,171.645,audio_features,0wNUTleNAhiAFPghCxLt27,spotify:track:0wNUTleNAhiAFPghCxLt27,https://api.spotify.com/v1/tracks/0wNUTleNAhiAFPghCxLt27,https://api.spotify.com/v1/audio-analysis/0wNUTleNAhiAFPghCxLt27,300837,4
0.781,0.458,5,-9.963,1,0.0414,0.236,0.0936,0.183,0.392,90.053,audio_features,0QzksDNvDDLJ6QUbyxJa78,spotify:track:0QzksDNvDDLJ6QUbyxJa78,https://api.spotify.com/v1/tracks/0QzksDNvDDLJ6QUbyxJa78,https://api.spotify.com/v1/audio-analysis/0QzksDNvDDLJ6QUbyxJa78,290813,4
0.785,0.737,10,-6.445,0,0.0784,0.222,0,0.111,0.892,99.888,audio_features,4L6qiLkQUwDBsKLHRAc5tY,spotify:track:4L6qiLkQUwDBsKLHRAc5tY,https://api.spotify.com/v1/tracks/4L6qiLkQUwDBsKLHRAc5tY,https://api.spotify.com/v1/audio-analysis/4L6qiLkQUwDBsKLHRAc5tY,263160,4
0.572,0.565,10,-7.695,0,0.0292,0.167,0.0000564,0.116,0.306,132.25,audio_features,210g0ApTMDQvGFTWSnioAA,spotify:track:210g0ApTMDQvGFTWSnioAA,https://api.spotify.com/v1/tracks/210g0ApTMDQvGFTWSnioAA,https://api.spotify.com/v1/audio-analysis/210g0ApTMDQvGFTWSnioAA,256547,4
0.746,0.929,10,-4.767,0,0.0591,0.0814,0.000535,0.141,0.742,124.008,audio_features,204s2mNS8YwDENS7s36TvV,spotify:track:204s2mNS8YwDENS7s36TvV,https://api.spotify.com/v1/tracks/204s2mNS8YwDENS7s36TvV,https://api.spotify.com/v1/audio-analysis/204s2mNS8YwDENS7s36TvV,366840,4
0.573,0.821,11,-5.787,1,0.0325,0.0119,0,0.19,0.664,123.065,audio_features,6gfwGOQwmNn038QYQPMqbJ,spotify:track:6gfwGOQwmNn038QYQPMqbJ,https://api.spotify.com/v1/tracks/6gfwGOQwmNn038QYQPMqbJ,https://api.spotify.com/v1/audio-analysis/6gfwGOQwmNn038QYQPMqbJ,229053,4
0.766,0.467,8,-13.456,1,0.366,0.371,0,0.268,0.704,116.954,audio_features,1z7J6x72KMwYNA0GR0uFoz,spotify:track:1z7J6x72KMwYNA0GR0uFoz,https://api.spotify.com/v1/tracks/1z7J6x72KMwYNA0GR0uFoz,https://api.spotify.com/v1/audio-analysis/1z7J6x72KMwYNA0GR0uFoz,312760,4
0.739,0.622,10,-9.364,1,0.031,0.0524,0.849,0.0484,0.828,108.394,audio_features,5gIbHo4j5oxk17ccmcIb1C,spotify:track:5gIbHo4j5oxk17ccmcIb1C,https://api.spotify.com/v1/tracks/5gIbHo4j5oxk17ccmcIb1C,https://api.spotify.com/v1/audio-analysis/5gIbHo4j5oxk17ccmcIb1C,345107,4
0.754,0.618,5,-7.065,1,0.0579,0.316,0.00112,0.154,0.673,100.062,audio_features,1ecVquoBrGbxoAKpVBKNLX,spotify:track:1ecVquoBrGbxoAKpVBKNLX,https://api.spotify.com/v1/tracks/1ecVquoBrGbxoAKpVBKNLX,https://api.spotify.com/v1/audio-analysis/1ecVquoBrGbxoAKpVBKNLX,486013,4
0.919,0.569,11,-9.481,0,0.0889,0.0455,0.0916,0.108,0.906,123.027,audio_features,4odjKrQcVe12RiUom35uvY,spotify:track:4odjKrQcVe12RiUom35uvY,https://api.spotify.com/v1/tracks/4odjKrQcVe12RiUom35uvY,https://api.spotify.com/v1/audio-analysis/4odjKrQcVe12RiUom35uvY,261667,4
0.489,0.335,2,-14.566,1,0.0706,0.211,0.00543,0.0508,0.553,189.688,audio_features,1WpBk2uN8eXXb2pdkbOb9D,spotify:track:1WpBk2uN8eXXb2pdkbOb9D,https://api.spotify.com/v1/tracks/1WpBk2uN8eXXb2pdkbOb9D,https://api.spotify.com/v1/audio-analysis/1WpBk2uN8eXXb2pdkbOb9D,310200,4
0.656,0.653,1,-7.214,1,0.0252,0.292,0.00218,0.152,0.909,90.549,audio_features,66A8zXf4BmRtk7mYAcQjDZ,spotify:track:66A8zXf4BmRtk7mYAcQjDZ,https://api.spotify.com/v1/tracks/66A8zXf4BmRtk7mYAcQjDZ,https://api.spotify.com/v1/audio-analysis/66A8zXf4BmRtk7mYAcQjDZ,170373,4
0.237,0.865,9,-5.908,1,0.0637,0.000407,0.00926,0.112,0.479,83.967,audio_features,0HxSlUXHp8KJ3ZqrCTyfB4,spotify:track:0HxSlUXHp8KJ3ZqrCTyfB4,https://api.spotify.com/v1/tracks/0HxSlUXHp8KJ3ZqrCTyfB4,https://api.spotify.com/v1/audio-analysis/0HxSlUXHp8KJ3ZqrCTyfB4,536027,4
0.767,0.764,7,-8.342,1,0.0582,0.14,0.000262,0.264,0.814,110.607,audio_features,6PqvBPholDH0mgDVvuaHAM,spotify:track:6PqvBPholDH0mgDVvuaHAM,https://api.spotify.com/v1/tracks/6PqvBPholDH0mgDVvuaHAM,https://api.spotify.com/v1/audio-analysis/6PqvBPholDH0mgDVvuaHAM,267853,4
0.57,0.76,1,-4.206,1,0.0908,0.00349,0,0.0846,0.301,129.403,audio_features,32UJmZRXTufLI1X9r28pix,spotify:track:32UJmZRXTufLI1X9r28pix,https://api.spotify.com/v1/tracks/32UJmZRXTufLI1X9r28pix,https://api.spotify.com/v1/audio-analysis/32UJmZRXTufLI1X9r28pix,229067,5
0.904,0.813,4,-7.105,0,0.121,0.0311,0.00697,0.0471,0.81,125.461,audio_features,0UaMYEvWZi0ZqiDOoHU3YI,spotify:track:0UaMYEvWZi0ZqiDOoHU3YI,https://api.spotify.com/v1/tracks/0UaMYEvWZi0ZqiDOoHU3YI,https://api.spotify.com/v1/audio-analysis/0UaMYEvWZi0ZqiDOoHU3YI,226864,4
0.629,0.881,0,-4.931,1,0.508,0.453,0,0.125,0.554,95.685,audio_features,7aJouq94UPaX7yVXd2MQ4k,spotify:track:7aJouq94UPaX7yVXd2MQ4k,https://api.spotify.com/v1/tracks/7aJouq94UPaX7yVXd2MQ4k,https://api.spotify.com/v1/audio-analysis/7aJouq94UPaX7yVXd2MQ4k,285760,4
0.718,0.504,1,-6.825,0,0.393,0.0521,0.000388,0.274,0.148,145.962,audio_features,0Z8taEEMbqDMV0eNmD1ypH,spotify:track:0Z8taEEMbqDMV0eNmD1ypH,https://api.spotify.com/v1/tracks/0Z8taEEMbqDMV0eNmD1ypH,https://api.spotify.com/v1/audio-analysis/0Z8taEEMbqDMV0eNmD1ypH,188213,5
0.879,0.644,7,-8.595,1,0.201,0.345,0.0000037,0.272,0.856,114.002,audio_features,3yei0S35YFOEBOiKN287MW,spotify:track:3yei0S35YFOEBOiKN287MW,https://api.spotify.com/v1/tracks/3yei0S35YFOEBOiKN287MW,https://api.spotify.com/v1/audio-analysis/3yei0S35YFOEBOiKN287MW,210707,4
0.946,0.538,8,-7.948,1,0.33,0.398,0.00131,0.0581,0.829,108.142,audio_features,7Ftjiy0DqA8uxdGoeTwUwT,spotify:track:7Ftjiy0DqA8uxdGoeTwUwT,https://api.spotify.com/v1/tracks/7Ftjiy0DqA8uxdGoeTwUwT,https://api.spotify.com/v1/audio-analysis/7Ftjiy0DqA8uxdGoeTwUwT,169867,4
0.805,0.802,5,-6.296,1,0.277,0.1,0,0.322,0.617,105.883,audio_features,5oShTWuRJ6VhyTHMB4Jemn,spotify:track:5oShTWuRJ6VhyTHMB4Jemn,https://api.spotify.com/v1/tracks/5oShTWuRJ6VhyTHMB4Jemn,https://api.spotify.com/v1/audio-analysis/5oShTWuRJ6VhyTHMB4Jemn,185427,4
0.395,0.799,7,-5.945,1,0.09,0.113,0.00354,0.161,0.444,143.905,audio_features,1XChByT5F5hF7z8RcjI4jw,spotify:track:1XChByT5F5hF7z8RcjI4jw,https://api.spotify.com/v1/tracks/1XChByT5F5hF7z8RcjI4jw,https://api.spotify.com/v1/audio-analysis/1XChByT5F5hF7z8RcjI4jw,298107,4
0.471,0.618,11,-8.607,0,0.0598,0.142,0.0156,0.246,0.313,139.904,audio_features,7GtOmFf7nUB2XjjruNXI5c,spotify:track:7GtOmFf7nUB2XjjruNXI5c,https://api.spotify.com/v1/tracks/7GtOmFf7nUB2XjjruNXI5c,https://api.spotify.com/v1/audio-analysis/7GtOmFf7nUB2XjjruNXI5c,330533,4
0.587,0.944,1,-7.325,1,0.032,0.00798,0,0.171,0.64,102.562,audio_features,4IKCDQZYBcomasI1CmjhWA,spotify:track:4IKCDQZYBcomasI1CmjhWA,https://api.spotify.com/v1/tracks/4IKCDQZYBcomasI1CmjhWA,https://api.spotify.com/v1/audio-analysis/4IKCDQZYBcomasI1CmjhWA,227000,4
0.468,0.764,6,-5.024,1,0.327,0.397,0.00000917,0.145,0.817,88.842,audio_features,1HLCST1CymksfSPyzTnee5,spotify:track:1HLCST1CymksfSPyzTnee5,https://api.spotify.com/v1/tracks/1HLCST1CymksfSPyzTnee5,https://api.spotify.com/v1/audio-analysis/1HLCST1CymksfSPyzTnee5,318267,4
0.489,0.857,10,-5.587,0,0.125,0.159,0.000254,0.0832,0.931,83.474,audio_features,2AaK69jzFnoC3tlPogdYsW,spotify:track:2AaK69jzFnoC3tlPogdYsW,https://api.spotify.com/v1/tracks/2AaK69jzFnoC3tlPogdYsW,https://api.spotify.com/v1/audio-analysis/2AaK69jzFnoC3tlPogdYsW,213173,4
0.674,0.793,7,-4.271,0,0.0256,0.0263,0.828,0.1,0.737,91.005,audio_features,12TMWX4lPRjEsykfqL6Xsz,spotify:track:12TMWX4lPRjEsykfqL6Xsz,https://api.spotify.com/v1/tracks/12TMWX4lPRjEsykfqL6Xsz,https://api.spotify.com/v1/audio-analysis/12TMWX4lPRjEsykfqL6Xsz,165853,4
0.804,0.49,5,-9.678,1,0.0316,0.582,0.0512,0.118,0.642,96.028,audio_features,5C1FrXg3jpHH96FnQjaaqz,spotify:track:5C1FrXg3jpHH96FnQjaaqz,https://api.spotify.com/v1/tracks/5C1FrXg3jpHH96FnQjaaqz,https://api.spotify.com/v1/audio-analysis/5C1FrXg3jpHH96FnQjaaqz,355400,4
0.483,0.573,7,-8.85,1,0.0376,0.329,0.00284,0.0865,0.512,90.742,audio_features,6P6PwoZNACtrkTsIZV8XS8,spotify:track:6P6PwoZNACtrkTsIZV8XS8,https://api.spotify.com/v1/tracks/6P6PwoZNACtrkTsIZV8XS8,https://api.spotify.com/v1/audio-analysis/6P6PwoZNACtrkTsIZV8XS8,328853,4
0.46,0.588,7,-8.295,1,0.0361,0.0111,0.0054,0.294,0.448,143.163,audio_features,6qvdtFDBAvjQSbww7VHHZD,spotify:track:6qvdtFDBAvjQSbww7VHHZD,https://api.spotify.com/v1/tracks/6qvdtFDBAvjQSbww7VHHZD,https://api.spotify.com/v1/audio-analysis/6qvdtFDBAvjQSbww7VHHZD,263253,4
0.344,0.777,7,-8.418,1,0.0352,0.00603,0.0000964,0.0504,0.329,171.792,audio_features,2pYP1kwHKQCFvalyYcxntX,spotify:track:2pYP1kwHKQCFvalyYcxntX,https://api.spotify.com/v1/tracks/2pYP1kwHKQCFvalyYcxntX,https://api.spotify.com/v1/audio-analysis/2pYP1kwHKQCFvalyYcxntX,294600,4
0.759,0.81,0,-4.082,1,0.404,0.109,0.0000254,0.107,0.822,149.972,audio_features,15fPBJeBFHlcAyQlK1wj72,spotify:track:15fPBJeBFHlcAyQlK1wj72,https://api.spotify.com/v1/tracks/15fPBJeBFHlcAyQlK1wj72,https://api.spotify.com/v1/audio-analysis/15fPBJeBFHlcAyQlK1wj72,188227,4
0.858,0.603,1,-5.659,1,0.112,0.011,0.000229,0.0719,0.496,105.051,audio_features,0J69nBmUBmzHXSDBTdgq2M,spotify:track:0J69nBmUBmzHXSDBTdgq2M,https://api.spotify.com/v1/tracks/0J69nBmUBmzHXSDBTdgq2M,https://api.spotify.com/v1/audio-analysis/0J69nBmUBmzHXSDBTdgq2M,279253,4
0.265,0.798,9,-7.109,0,0.152,0.353,0.0000381,0.0849,0.255,168.323,audio_features,1X799qUZe38MBtK8tBhXLf,spotify:track:1X799qUZe38MBtK8tBhXLf,https://api.spotify.com/v1/tracks/1X799qUZe38MBtK8tBhXLf,https://api.spotify.com/v1/audio-analysis/1X799qUZe38MBtK8tBhXLf,214920,3
0.546,0.769,1,-5.651,0,0.028,0.0185,0,0.104,0.646,95.021,audio_features,06XyoB6sULL2ii10z99VEo,spotify:track:06XyoB6sULL2ii10z99VEo,https://api.spotify.com/v1/tracks/06XyoB6sULL2ii10z99VEo,https://api.spotify.com/v1/audio-analysis/06XyoB6sULL2ii10z99VEo,199093,3
0.629,0.941,10,-4.641,0,0.102,0.00644,0.00031,0.121,0.729,107.861,audio_features,4dwJtZrlX1or2kZpIvdgy7,spotify:track:4dwJtZrlX1or2kZpIvdgy7,https://api.spotify.com/v1/tracks/4dwJtZrlX1or2kZpIvdgy7,https://api.spotify.com/v1/audio-analysis/4dwJtZrlX1or2kZpIvdgy7,239880,4
0.348,0.493,5,-10.957,1,0.0406,0.088,0.000627,0.417,0.638,170.295,audio_features,1eAuKC9uTVIFOtqPMpqru1,spotify:track:1eAuKC9uTVIFOtqPMpqru1,https://api.spotify.com/v1/tracks/1eAuKC9uTVIFOtqPMpqru1,https://api.spotify.com/v1/audio-analysis/1eAuKC9uTVIFOtqPMpqru1,429907,3
0.276,0.524,6,-6.185,1,0.0335,0.000543,0.0000147,0.0995,0.11,123.231,audio_features,2eCisU4QtPRHUaFj7ZcB98,spotify:track:2eCisU4QtPRHUaFj7ZcB98,https://api.spotify.com/v1/tracks/2eCisU4QtPRHUaFj7ZcB98,https://api.spotify.com/v1/audio-analysis/2eCisU4QtPRHUaFj7ZcB98,217400,4
0.493,0.67,10,-3.293,0,0.0519,0.428,0.707,0.109,0.808,74.685,audio_features,287k1tGKimVIg5dO5ko18W,spotify:track:287k1tGKimVIg5dO5ko18W,https://api.spotify.com/v1/tracks/287k1tGKimVIg5dO5ko18W,https://api.spotify.com/v1/audio-analysis/287k1tGKimVIg5dO5ko18W,167080,4
0.605,0.522,6,-11.944,0,0.148,0.235,0.00142,0.0559,0.877,152.089,audio_features,4QwO7XkVQTNwyzAE7GaZH0,spotify:track:4QwO7XkVQTNwyzAE7GaZH0,https://api.spotify.com/v1/tracks/4QwO7XkVQTNwyzAE7GaZH0,https://api.spotify.com/v1/audio-analysis/4QwO7XkVQTNwyzAE7GaZH0,162773,4
0.464,0.298,2,-13.65,0,0.0589,0.286,0.000426,0.127,0.198,182.771,audio_features,7fVlgvCVBYdHWRisXWsdrI,spotify:track:7fVlgvCVBYdHWRisXWsdrI,https://api.spotify.com/v1/tracks/7fVlgvCVBYdHWRisXWsdrI,https://api.spotify.com/v1/audio-analysis/7fVlgvCVBYdHWRisXWsdrI,336453,3
0.26,0.726,10,-6.751,1,0.041,0.0000835,0.00263,0.499,0.394,62.06,audio_features,2bulK0SYgb1PFk4bX84CzX,spotify:track:2bulK0SYgb1PFk4bX84CzX,https://api.spotify.com/v1/tracks/2bulK0SYgb1PFk4bX84CzX,https://api.spotify.com/v1/audio-analysis/2bulK0SYgb1PFk4bX84CzX,193053,4
0.279,0.441,5,-7.74,1,0.0293,0.00459,0.00907,0.115,0.339,169.226,audio_features,0CBvJnDhAUsvn40StOjF98,spotify:track:0CBvJnDhAUsvn40StOjF98,https://api.spotify.com/v1/tracks/0CBvJnDhAUsvn40StOjF98,https://api.spotify.com/v1/audio-analysis/0CBvJnDhAUsvn40StOjF98,308427,3
0.703,0.403,8,-9.263,1,0.067,0.344,0.00000108,0.0845,0.271,110.319,audio_features,5Y8FSZJIo74U6lXvTEmYhq,spotify:track:5Y8FSZJIo74U6lXvTEmYhq,https://api.spotify.com/v1/tracks/5Y8FSZJIo74U6lXvTEmYhq,https://api.spotify.com/v1/audio-analysis/5Y8FSZJIo74U6lXvTEmYhq,182480,4
0.335,0.869,1,-5.89,0,0.0893,0.0796,0.00445,0.118,0.24,85.266,audio_features,3CVX6ZRd0dqjiMQDuF7uBt,spotify:track:3CVX6ZRd0dqjiMQDuF7uBt,https://api.spotify.com/v1/tracks/3CVX6ZRd0dqjiMQDuF7uBt,https://api.spotify.com/v1/audio-analysis/3CVX6ZRd0dqjiMQDuF7uBt,221613,4
0.39,0.068,0,-25.007,0,0.0786,0.995,0.88,0.0859,0.0438,76.572,audio_features,6IQkTOujklX4Iv9BsyVFMJ,spotify:track:6IQkTOujklX4Iv9BsyVFMJ,https://api.spotify.com/v1/tracks/6IQkTOujklX4Iv9BsyVFMJ,https://api.spotify.com/v1/audio-analysis/6IQkTOujklX4Iv9BsyVFMJ,186080,4
0.436,0.162,8,-22.068,1,0.0322,0.831,0.895,0.0628,0.199,117.194,audio_features,5FiSo7E1IvpBeowZxMk9UI,spotify:track:5FiSo7E1IvpBeowZxMk9UI,https://api.spotify.com/v1/tracks/5FiSo7E1IvpBeowZxMk9UI,https://api.spotify.com/v1/audio-analysis/5FiSo7E1IvpBeowZxMk9UI,288800,5
0.698,0.736,6,-6.819,1,0.201,0.62,0.122,0.0888,0.2,90.717,audio_features,3mKfQpeNak4hjDbrPWU0tE,spotify:track:3mKfQpeNak4hjDbrPWU0tE,https://api.spotify.com/v1/tracks/3mKfQpeNak4hjDbrPWU0tE,https://api.spotify.com/v1/audio-analysis/3mKfQpeNak4hjDbrPWU0tE,145893,4
0.423,0.969,9,-5.189,0,0.101,0.000117,0.00128,0.855,0.442,165.022,audio_features,0DnI82S0WYzYfY4IJUJKDr,spotify:track:0DnI82S0WYzYfY4IJUJKDr,https://api.spotify.com/v1/tracks/0DnI82S0WYzYfY4IJUJKDr,https://api.spotify.com/v1/audio-analysis/0DnI82S0WYzYfY4IJUJKDr,291653,3
0.725,0.898,9,-5.204,0,0.0908,0.341,0.00000982,0.281,0.97,145.985,audio_features,1ONC00cKNdFgKiATMtcxEc,spotify:track:1ONC00cKNdFgKiATMtcxEc,https://api.spotify.com/v1/tracks/1ONC00cKNdFgKiATMtcxEc,https://api.spotify.com/v1/audio-analysis/1ONC00cKNdFgKiATMtcxEc,224853,4
0.551,0.444,8,-8.616,1,0.042,0.639,0.00000888,0.22,0.191,123.183,audio_features,764hr2cwVvLZLb9C5Jusai,spotify:track:764hr2cwVvLZLb9C5Jusai,https://api.spotify.com/v1/tracks/764hr2cwVvLZLb9C5Jusai,https://api.spotify.com/v1/audio-analysis/764hr2cwVvLZLb9C5Jusai,203813,4
0.335,0.18,3,-12.27,1,0.0337,0.909,0.00383,0.112,0.119,116.376,audio_features,3Tm9VO0vE4u9EaSkUT3KMr,spotify:track:3Tm9VO0vE4u9EaSkUT3KMr,https://api.spotify.com/v1/tracks/3Tm9VO0vE4u9EaSkUT3KMr,https://api.spotify.com/v1/audio-analysis/3Tm9VO0vE4u9EaSkUT3KMr,247320,5
0.733,0.783,11,-10.369,0,0.0867,0.0255,0.00391,0.0393,0.907,124.938,audio_features,3ZLzAyB6QMSeVT57IWodX5,spotify:track:3ZLzAyB6QMSeVT57IWodX5,https://api.spotify.com/v1/tracks/3ZLzAyB6QMSeVT57IWodX5,https://api.spotify.com/v1/audio-analysis/3ZLzAyB6QMSeVT57IWodX5,242480,4
0.212,0.834,9,-3.923,1,0.0482,0.061,0.0996,0.215,0.565,183.27,audio_features,1NfXNZmub2Gdh3kF8EU1j1,spotify:track:1NfXNZmub2Gdh3kF8EU1j1,https://api.spotify.com/v1/tracks/1NfXNZmub2Gdh3kF8EU1j1,https://api.spotify.com/v1/audio-analysis/1NfXNZmub2Gdh3kF8EU1j1,270040,4
0.808,0.587,8,-13.279,0,0.0436,0.0326,0.00672,0.271,0.907,103.019,audio_features,0ZDJHu0rq4py2ycW7x3Shy,spotify:track:0ZDJHu0rq4py2ycW7x3Shy,https://api.spotify.com/v1/tracks/0ZDJHu0rq4py2ycW7x3Shy,https://api.spotify.com/v1/audio-analysis/0ZDJHu0rq4py2ycW7x3Shy,229760,4
0.478,0.772,7,-8.796,1,0.0549,0.27,0.0901,0.203,0.639,95.448,audio_features,7hQyg9fdiPHaSgraG1AfHp,spotify:track:7hQyg9fdiPHaSgraG1AfHp,https://api.spotify.com/v1/tracks/7hQyg9fdiPHaSgraG1AfHp,https://api.spotify.com/v1/audio-analysis/7hQyg9fdiPHaSgraG1AfHp,230133,4
0.737,0.746,2,-5.355,1,0.0382,0.0134,0.0166,0.0668,0.717,105.964,audio_features,0BLyr2LI3CJACYcP6xbFMY,spotify:track:0BLyr2LI3CJACYcP6xbFMY,https://api.spotify.com/v1/tracks/0BLyr2LI3CJACYcP6xbFMY,https://api.spotify.com/v1/audio-analysis/0BLyr2LI3CJACYcP6xbFMY,247533,4
0.666,0.523,0,-6.005,0,0.0484,0.0474,0.212,0.0794,0.541,87.017,audio_features,7tbghM1YOdyyo1p4eKyH2F,spotify:track:7tbghM1YOdyyo1p4eKyH2F,https://api.spotify.com/v1/tracks/7tbghM1YOdyyo1p4eKyH2F,https://api.spotify.com/v1/audio-analysis/7tbghM1YOdyyo1p4eKyH2F,284053,4
0.45,0.896,0,-5.869,1,0.0455,0.00435,0.00124,0.145,0.34,105.082,audio_features,0ZkkO456qIrAH9cr9DcPlW,spotify:track:0ZkkO456qIrAH9cr9DcPlW,https://api.spotify.com/v1/tracks/0ZkkO456qIrAH9cr9DcPlW,https://api.spotify.com/v1/audio-analysis/0ZkkO456qIrAH9cr9DcPlW,453867,3
0.784,0.293,8,-16.272,1,0.106,0.909,0.00144,0.0968,0.641,103.093,audio_features,05CGrCiTaAhoP3PTpB46Ct,spotify:track:05CGrCiTaAhoP3PTpB46Ct,https://api.spotify.com/v1/tracks/05CGrCiTaAhoP3PTpB46Ct,https://api.spotify.com/v1/audio-analysis/05CGrCiTaAhoP3PTpB46Ct,291213,4
0.811,0.902,1,-6.063,1,0.0815,0.0401,0.799,0.0393,0.797,120.002,audio_features,4gzIyTFiqFIFklobGLPT91,spotify:track:4gzIyTFiqFIFklobGLPT91,https://api.spotify.com/v1/tracks/4gzIyTFiqFIFklobGLPT91,https://api.spotify.com/v1/audio-analysis/4gzIyTFiqFIFklobGLPT91,204040,4
0.859,0.706,1,-3.437,1,0.259,0.144,0,0.12,0.417,82.491,audio_features,2JzYEQGtJwYDR3zry7cZ9F,spotify:track:2JzYEQGtJwYDR3zry7cZ9F,https://api.spotify.com/v1/tracks/2JzYEQGtJwYDR3zry7cZ9F,https://api.spotify.com/v1/audio-analysis/2JzYEQGtJwYDR3zry7cZ9F,216680,4
0.605,0.873,1,-5.109,0,0.219,0.0242,0,0.0579,0.568,95.055,audio_features,5eWQXCRyrDp3DcQLcxgwXe,spotify:track:5eWQXCRyrDp3DcQLcxgwXe,https://api.spotify.com/v1/tracks/5eWQXCRyrDp3DcQLcxgwXe,https://api.spotify.com/v1/audio-analysis/5eWQXCRyrDp3DcQLcxgwXe,224053,4
0.676,0.556,2,-11.783,0,0.0803,0.272,0.0324,0.486,0.569,166.019,audio_features,09h6LveFx6scJ98XCboxRl,spotify:track:09h6LveFx6scJ98XCboxRl,https://api.spotify.com/v1/tracks/09h6LveFx6scJ98XCboxRl,https://api.spotify.com/v1/audio-analysis/09h6LveFx6scJ98XCboxRl,225400,3
0.623,0.688,10,-8.443,0,0.329,0.248,0,0.366,0.682,89.646,audio_features,3BXaIWfT7VScHZsPUc0JCK,spotify:track:3BXaIWfT7VScHZsPUc0JCK,https://api.spotify.com/v1/tracks/3BXaIWfT7VScHZsPUc0JCK,https://api.spotify.com/v1/audio-analysis/3BXaIWfT7VScHZsPUc0JCK,209413,4
0.368,0.921,6,-4.933,0,0.424,0.0143,0.0000417,0.514,0.469,181.701,audio_features,2Hcw0eAHFrffTwk7wdVhbJ,spotify:track:2Hcw0eAHFrffTwk7wdVhbJ,https://api.spotify.com/v1/tracks/2Hcw0eAHFrffTwk7wdVhbJ,https://api.spotify.com/v1/audio-analysis/2Hcw0eAHFrffTwk7wdVhbJ,390013,4
0.353,0.67,7,-8.115,0,0.105,0.221,0,0.0462,0.108,92.22,audio_features,7vJcRktY04NTgjcP6b8MLq,spotify:track:7vJcRktY04NTgjcP6b8MLq,https://api.spotify.com/v1/tracks/7vJcRktY04NTgjcP6b8MLq,https://api.spotify.com/v1/audio-analysis/7vJcRktY04NTgjcP6b8MLq,317720,4
0.566,0.536,1,-6.232,0,0.168,0.224,0.00000202,0.0636,0.44,83.387,audio_features,2IibRw5TZio67i32At3uNj,spotify:track:2IibRw5TZio67i32At3uNj,https://api.spotify.com/v1/tracks/2IibRw5TZio67i32At3uNj,https://api.spotify.com/v1/audio-analysis/2IibRw5TZio67i32At3uNj,257200,4
0.642,0.728,8,-7.075,1,0.264,0.367,0.562,0.139,0.398,88.934,audio_features,6JRn0YHhCO34oZsqaQoMaa,spotify:track:6JRn0YHhCO34oZsqaQoMaa,https://api.spotify.com/v1/tracks/6JRn0YHhCO34oZsqaQoMaa,https://api.spotify.com/v1/audio-analysis/6JRn0YHhCO34oZsqaQoMaa,277893,4
0.466,0.324,11,-13.182,0,0.0975,0.499,0.00559,0.156,0.328,174.488,audio_features,0zVObQaa58EsBZxEBN2Tlo,spotify:track:0zVObQaa58EsBZxEBN2Tlo,https://api.spotify.com/v1/tracks/0zVObQaa58EsBZxEBN2Tlo,https://api.spotify.com/v1/audio-analysis/0zVObQaa58EsBZxEBN2Tlo,302306,3
0.292,0.658,9,-5.783,1,0.0305,0.113,0.00126,0.12,0.514,88.724,audio_features,5HhQ6BXrtzhbOddOtorH5i,spotify:track:5HhQ6BXrtzhbOddOtorH5i,https://api.spotify.com/v1/tracks/5HhQ6BXrtzhbOddOtorH5i,https://api.spotify.com/v1/audio-analysis/5HhQ6BXrtzhbOddOtorH5i,425973,3
0.289,0.371,2,-12.35,0,0.0335,0.942,0.00713,0.175,0.544,181.102,audio_features,1mScOKklx8m8FvNcarYHOs,spotify:track:1mScOKklx8m8FvNcarYHOs,https://api.spotify.com/v1/tracks/1mScOKklx8m8FvNcarYHOs,https://api.spotify.com/v1/audio-analysis/1mScOKklx8m8FvNcarYHOs,148800,4
0.745,0.796,6,-6.117,1,0.202,0.0366,0,0.039,0.341,96.071,audio_features,2Gvp1R5x68yOsAnywBWMdi,spotify:track:2Gvp1R5x68yOsAnywBWMdi,https://api.spotify.com/v1/tracks/2Gvp1R5x68yOsAnywBWMdi,https://api.spotify.com/v1/audio-analysis/2Gvp1R5x68yOsAnywBWMdi,295168,4
0.357,0.506,3,-13.644,0,0.0307,0.784,0.884,0.0947,0.615,132.901,audio_features,4Ljo0RjpKnMC3E7mWaWXia,spotify:track:4Ljo0RjpKnMC3E7mWaWXia,https://api.spotify.com/v1/tracks/4Ljo0RjpKnMC3E7mWaWXia,https://api.spotify.com/v1/audio-analysis/4Ljo0RjpKnMC3E7mWaWXia,360747,1
0.676,0.618,8,-8.562,1,0.131,0.0661,0.253,0.261,0.79,75.26,audio_features,5oxrRfCVaYkE7xkK3aobLB,spotify:track:5oxrRfCVaYkE7xkK3aobLB,https://api.spotify.com/v1/tracks/5oxrRfCVaYkE7xkK3aobLB,https://api.spotify.com/v1/audio-analysis/5oxrRfCVaYkE7xkK3aobLB,249400,4
0.687,0.831,10,-4.492,0,0.294,0.0117,0,0.204,0.181,100.667,audio_features,36Y4bI3yn16ZgNslzHc4nj,spotify:track:36Y4bI3yn16ZgNslzHc4nj,https://api.spotify.com/v1/tracks/36Y4bI3yn16ZgNslzHc4nj,https://api.spotify.com/v1/audio-analysis/36Y4bI3yn16ZgNslzHc4nj,203760,5
0.64,0.89,2,-4.569,0,0.095,0.211,0.00153,0.156,0.76,98.016,audio_features,0i4jeFkau63VWI1KogiwoK,spotify:track:0i4jeFkau63VWI1KogiwoK,https://api.spotify.com/v1/tracks/0i4jeFkau63VWI1KogiwoK,https://api.spotify.com/v1/audio-analysis/0i4jeFkau63VWI1KogiwoK,212960,4
0.913,0.666,2,-9.092,1,0.132,0.129,0,0.109,0.118,120.153,audio_features,25G8NNFBnjXgWCGtyPa1Ax,spotify:track:25G8NNFBnjXgWCGtyPa1Ax,https://api.spotify.com/v1/tracks/25G8NNFBnjXgWCGtyPa1Ax,https://api.spotify.com/v1/audio-analysis/25G8NNFBnjXgWCGtyPa1Ax,228160,4
0.786,0.582,7,-6.815,1,0.164,0.0388,0.0000111,0.343,0.799,152.813,audio_features,2ihrJRUk2aFFTCqBD2rEAb,spotify:track:2ihrJRUk2aFFTCqBD2rEAb,https://api.spotify.com/v1/tracks/2ihrJRUk2aFFTCqBD2rEAb,https://api.spotify.com/v1/audio-analysis/2ihrJRUk2aFFTCqBD2rEAb,196441,4
0.638,0.805,5,-7.171,0,0.484,0.0307,0,0.358,0.717,162.679,audio_features,7JaThYjfDDL79csAxuaFDt,spotify:track:7JaThYjfDDL79csAxuaFDt,https://api.spotify.com/v1/tracks/7JaThYjfDDL79csAxuaFDt,https://api.spotify.com/v1/audio-analysis/7JaThYjfDDL79csAxuaFDt,267360,4
0.511,0.784,7,-5.046,1,0.0938,0.0485,0.000184,0.0881,0.641,108.172,audio_features,5jwtAUdhUIUvqXBITInoEp,spotify:track:5jwtAUdhUIUvqXBITInoEp,https://api.spotify.com/v1/tracks/5jwtAUdhUIUvqXBITInoEp,https://api.spotify.com/v1/audio-analysis/5jwtAUdhUIUvqXBITInoEp,296667,4
0.894,0.814,6,-4.114,0,0.14,0.0467,0.0000103,0.0815,0.292,110.004,audio_features,3NsH19RsdYXc0NPmFfjyE3,spotify:track:3NsH19RsdYXc0NPmFfjyE3,https://api.spotify.com/v1/tracks/3NsH19RsdYXc0NPmFfjyE3,https://api.spotify.com/v1/audio-analysis/3NsH19RsdYXc0NPmFfjyE3,500013,4
0.623,0.549,10,-10.644,1,0.0409,0.518,0.00932,0.101,0.884,138.857,audio_features,1vhK81vdWqWL1CijjRJONB,spotify:track:1vhK81vdWqWL1CijjRJONB,https://api.spotify.com/v1/tracks/1vhK81vdWqWL1CijjRJONB,https://api.spotify.com/v1/audio-analysis/1vhK81vdWqWL1CijjRJONB,460493,4
0.441,0.49,8,-12.033,1,0.0691,0.113,0.0118,0.131,0.654,94.644,audio_features,5bNzQ3byxW0L94UToNg6wV,spotify:track:5bNzQ3byxW0L94UToNg6wV,https://api.spotify.com/v1/tracks/5bNzQ3byxW0L94UToNg6wV,https://api.spotify.com/v1/audio-analysis/5bNzQ3byxW0L94UToNg6wV,312653,4
0.488,0.569,6,-9.264,0,0.0309,0.137,0.0249,0.128,0.254,73.996,audio_features,4ptf7iQHFo4ttNAKxI9OOR,spotify:track:4ptf7iQHFo4ttNAKxI9OOR,https://api.spotify.com/v1/tracks/4ptf7iQHFo4ttNAKxI9OOR,https://api.spotify.com/v1/audio-analysis/4ptf7iQHFo4ttNAKxI9OOR,365600,4
0.862,0.668,6,-5.308,1,0.0718,0.11,0.00000459,0.0633,0.889,85.024,audio_features,5w5vw9cokQ9s8dHQmQqLX4,spotify:track:5w5vw9cokQ9s8dHQmQqLX4,https://api.spotify.com/v1/tracks/5w5vw9cokQ9s8dHQmQqLX4,https://api.spotify.com/v1/audio-analysis/5w5vw9cokQ9s8dHQmQqLX4,200387,4
0.856,0.873,0,-2.652,1,0.0891,0.00174,0.899,0.118,0.22,99.984,audio_features,30d50iqspscgtULK3QcEpf,spotify:track:30d50iqspscgtULK3QcEpf,https://api.spotify.com/v1/tracks/30d50iqspscgtULK3QcEpf,https://api.spotify.com/v1/audio-analysis/30d50iqspscgtULK3QcEpf,249600,4
0.461,0.389,1,-11.256,0,0.0331,0.89,0.000397,0.0927,0.371,106.955,audio_features,1E4GNtOSpXfk6SkGxsjPix,spotify:track:1E4GNtOSpXfk6SkGxsjPix,https://api.spotify.com/v1/tracks/1E4GNtOSpXfk6SkGxsjPix,https://api.spotify.com/v1/audio-analysis/1E4GNtOSpXfk6SkGxsjPix,227560,3
0.771,0.807,7,-6.258,1,0.058,0.0107,0.0135,0.568,0.707,98.003,audio_features,3s5Ja1eydXvkzJp0KAyMup,spotify:track:3s5Ja1eydXvkzJp0KAyMup,https://api.spotify.com/v1/tracks/3s5Ja1eydXvkzJp0KAyMup,https://api.spotify.com/v1/audio-analysis/3s5Ja1eydXvkzJp0KAyMup,256960,4
0.612,0.841,0,-5.247,1,0.102,0.00488,0.946,0.11,0.702,59.994,audio_features,14nBOVonNV00uftfB3vgZY,spotify:track:14nBOVonNV00uftfB3vgZY,https://api.spotify.com/v1/tracks/14nBOVonNV00uftfB3vgZY,https://api.spotify.com/v1/audio-analysis/14nBOVonNV00uftfB3vgZY,164107,4
0.692,0.878,2,-8.725,1,0.0554,0.155,0.111,0.222,0.568,113.508,audio_features,6JbQOnsi4qfEAiSWezWja5,spotify:track:6JbQOnsi4qfEAiSWezWja5,https://api.spotify.com/v1/tracks/6JbQOnsi4qfEAiSWezWja5,https://api.spotify.com/v1/audio-analysis/6JbQOnsi4qfEAiSWezWja5,376493,4
0.882,0.684,1,-6.505,1,0.0516,0.0187,0.0399,0.0458,0.752,90.061,audio_features,5EJXKjUAcRtjNDphJ8erup,spotify:track:5EJXKjUAcRtjNDphJ8erup,https://api.spotify.com/v1/tracks/5EJXKjUAcRtjNDphJ8erup,https://api.spotify.com/v1/audio-analysis/5EJXKjUAcRtjNDphJ8erup,231707,4
0.701,0.795,0,-8.861,1,0.0678,0.547,0.797,0.415,0.776,109.966,audio_features,4s6vI3p3KTnA2BS0z2JRF0,spotify:track:4s6vI3p3KTnA2BS0z2JRF0,https://api.spotify.com/v1/tracks/4s6vI3p3KTnA2BS0z2JRF0,https://api.spotify.com/v1/audio-analysis/4s6vI3p3KTnA2BS0z2JRF0,274480,4
0.814,0.852,9,-5.941,0,0.0557,0.225,0.161,0.325,0.923,112.032,audio_features,09bDHWxnX2BjMPbj30PRQ4,spotify:track:09bDHWxnX2BjMPbj30PRQ4,https://api.spotify.com/v1/tracks/09bDHWxnX2BjMPbj30PRQ4,https://api.spotify.com/v1/audio-analysis/09bDHWxnX2BjMPbj30PRQ4,290040,4
0.767,0.763,2,-8.421,0,0.05,0.456,0.751,0.0721,0.964,113.822,audio_features,3BRSjAakIomNrlPADOlXaw,spotify:track:3BRSjAakIomNrlPADOlXaw,https://api.spotify.com/v1/tracks/3BRSjAakIomNrlPADOlXaw,https://api.spotify.com/v1/audio-analysis/3BRSjAakIomNrlPADOlXaw,208893,4
0.669,0.69,7,-6.463,1,0.0429,0.122,0.893,0.0256,0.922,110.076,audio_features,36b0vU6pSA8jDoVconvqPq,spotify:track:36b0vU6pSA8jDoVconvqPq,https://api.spotify.com/v1/tracks/36b0vU6pSA8jDoVconvqPq,https://api.spotify.com/v1/audio-analysis/36b0vU6pSA8jDoVconvqPq,196333,4
0.565,0.777,7,-4.05,1,0.0629,0.044,0.0129,0.173,0.756,97.823,audio_features,7IVrTH1BhaGa4aNDnd0P8k,spotify:track:7IVrTH1BhaGa4aNDnd0P8k,https://api.spotify.com/v1/tracks/7IVrTH1BhaGa4aNDnd0P8k,https://api.spotify.com/v1/audio-analysis/7IVrTH1BhaGa4aNDnd0P8k,286267,4
0.412,0.514,1,-7.353,1,0.0315,0.0187,0.0000141,0.27,0.585,90.457,audio_features,5OerOb9WFPvCnSEnx4cURM,spotify:track:5OerOb9WFPvCnSEnx4cURM,https://api.spotify.com/v1/tracks/5OerOb9WFPvCnSEnx4cURM,https://api.spotify.com/v1/audio-analysis/5OerOb9WFPvCnSEnx4cURM,266587,4
0.738,0.883,11,-5.934,0,0.144,0.271,0.0000225,0.134,0.83,109.438,audio_features,4zXYBJsjTyRvtKvXhF5PjV,spotify:track:4zXYBJsjTyRvtKvXhF5PjV,https://api.spotify.com/v1/tracks/4zXYBJsjTyRvtKvXhF5PjV,https://api.spotify.com/v1/audio-analysis/4zXYBJsjTyRvtKvXhF5PjV,276093,4
0.901,0.762,1,-5.286,1,0.113,0.421,0.0126,0.0141,0.789,107.748,audio_features,7AXYiFfb0rcgbFm3aIiIHt,spotify:track:7AXYiFfb0rcgbFm3aIiIHt,https://api.spotify.com/v1/tracks/7AXYiFfb0rcgbFm3aIiIHt,https://api.spotify.com/v1/audio-analysis/7AXYiFfb0rcgbFm3aIiIHt,215867,4
0.701,0.516,0,-4.587,1,0.0334,0.481,0.00000643,0.111,0.276,122.135,audio_features,7HWlYDP7sOOPLzvHW7lrvA,spotify:track:7HWlYDP7sOOPLzvHW7lrvA,https://api.spotify.com/v1/tracks/7HWlYDP7sOOPLzvHW7lrvA,https://api.spotify.com/v1/audio-analysis/7HWlYDP7sOOPLzvHW7lrvA,187413,4
0.706,0.647,7,-6.673,1,0.0838,0.148,0.00000792,0.144,0.454,95.279,audio_features,7d7fpLt0lyt1cVj15zW936,spotify:track:7d7fpLt0lyt1cVj15zW936,https://api.spotify.com/v1/tracks/7d7fpLt0lyt1cVj15zW936,https://api.spotify.com/v1/audio-analysis/7d7fpLt0lyt1cVj15zW936,265279,4
0.797,0.731,9,-6.852,1,0.038,0.265,0.00245,0.067,0.893,104.193,audio_features,2RX8kOnJEVirXwP1FRgXBD,spotify:track:2RX8kOnJEVirXwP1FRgXBD,https://api.spotify.com/v1/tracks/2RX8kOnJEVirXwP1FRgXBD,https://api.spotify.com/v1/audio-analysis/2RX8kOnJEVirXwP1FRgXBD,305307,4
0.74,0.851,10,-6.811,0,0.0611,0.00103,0.022,0.065,0.889,99.999,audio_features,7pYvZ1BtrOvqPngoDOgkbZ,spotify:track:7pYvZ1BtrOvqPngoDOgkbZ,https://api.spotify.com/v1/tracks/7pYvZ1BtrOvqPngoDOgkbZ,https://api.spotify.com/v1/audio-analysis/7pYvZ1BtrOvqPngoDOgkbZ,309093,4
0.637,0.744,2,-7.042,1,0.0778,0.158,0.00407,0.268,0.689,175.864,audio_features,2zeFxpmncdZhzeuud3Xgdg,spotify:track:2zeFxpmncdZhzeuud3Xgdg,https://api.spotify.com/v1/tracks/2zeFxpmncdZhzeuud3Xgdg,https://api.spotify.com/v1/audio-analysis/2zeFxpmncdZhzeuud3Xgdg,214440,4
0.706,0.595,6,-9.582,0,0.0438,0.0295,0.00179,0.216,0.67,109.957,audio_features,4eBrqVKjRJooMVDUnxqyfm,spotify:track:4eBrqVKjRJooMVDUnxqyfm,https://api.spotify.com/v1/tracks/4eBrqVKjRJooMVDUnxqyfm,https://api.spotify.com/v1/audio-analysis/4eBrqVKjRJooMVDUnxqyfm,214187,4
0.773,0.36,0,-9.722,1,0.0955,0.501,0.00409,0.0823,0.681,79.207,audio_features,48wH8bAxvBJO2l14GmNLz7,spotify:track:48wH8bAxvBJO2l14GmNLz7,https://api.spotify.com/v1/tracks/48wH8bAxvBJO2l14GmNLz7,https://api.spotify.com/v1/audio-analysis/48wH8bAxvBJO2l14GmNLz7,230677,4
0.715,0.408,1,-8.138,1,0.0245,0.128,0.301,0.0962,0.663,89.977,audio_features,1Rz3vHmjEz12i2dZHThe3s,spotify:track:1Rz3vHmjEz12i2dZHThe3s,https://api.spotify.com/v1/tracks/1Rz3vHmjEz12i2dZHThe3s,https://api.spotify.com/v1/audio-analysis/1Rz3vHmjEz12i2dZHThe3s,170853,4
0.396,0.551,11,-10.707,0,0.0551,0.458,0.373,0.115,0.588,181.557,audio_features,2YwQLvPokhUJ5yOfWtRO7P,spotify:track:2YwQLvPokhUJ5yOfWtRO7P,https://api.spotify.com/v1/tracks/2YwQLvPokhUJ5yOfWtRO7P,https://api.spotify.com/v1/audio-analysis/2YwQLvPokhUJ5yOfWtRO7P,350573,4
0.64,0.974,7,-5.773,0,0.132,0.0611,0,0.0615,0.599,114.246,audio_features,2YEgYAXDL0YHvBBRicGTCj,spotify:track:2YEgYAXDL0YHvBBRicGTCj,https://api.spotify.com/v1/tracks/2YEgYAXDL0YHvBBRicGTCj,https://api.spotify.com/v1/audio-analysis/2YEgYAXDL0YHvBBRicGTCj,245773,4
0.483,0.598,1,-6.148,1,0.0392,0.159,0.00000236,0.114,0.476,124.657,audio_features,5EaWUQU9542uuuXXUAEzTW,spotify:track:5EaWUQU9542uuuXXUAEzTW,https://api.spotify.com/v1/tracks/5EaWUQU9542uuuXXUAEzTW,https://api.spotify.com/v1/audio-analysis/5EaWUQU9542uuuXXUAEzTW,372933,4
0.722,0.688,7,-5.278,1,0.0703,0.301,0,0.43,0.754,87.806,audio_features,3DozQO9YETRTOxV6XT3dY3,spotify:track:3DozQO9YETRTOxV6XT3dY3,https://api.spotify.com/v1/tracks/3DozQO9YETRTOxV6XT3dY3,https://api.spotify.com/v1/audio-analysis/3DozQO9YETRTOxV6XT3dY3,202587,4
0.673,0.851,1,-5.516,0,0.164,0.0136,0,0.218,0.843,85.675,audio_features,3lJFo7hr6AgQhtB7q1jFK5,spotify:track:3lJFo7hr6AgQhtB7q1jFK5,https://api.spotify.com/v1/tracks/3lJFo7hr6AgQhtB7q1jFK5,https://api.spotify.com/v1/audio-analysis/3lJFo7hr6AgQhtB7q1jFK5,240253,4
0.23,0.817,4,-5.21,0,0.194,0.447,0.00137,0.0926,0.383,182.467,audio_features,61VxgC1I7byhugzTdM4AR0,spotify:track:61VxgC1I7byhugzTdM4AR0,https://api.spotify.com/v1/tracks/61VxgC1I7byhugzTdM4AR0,https://api.spotify.com/v1/audio-analysis/61VxgC1I7byhugzTdM4AR0,343733,4
0.569,0.676,1,-6.41,0,0.199,0.37,0,0.0994,0.396,94.639,audio_features,7HRMo1cEFxoInV9fWjkoqB,spotify:track:7HRMo1cEFxoInV9fWjkoqB,https://api.spotify.com/v1/tracks/7HRMo1cEFxoInV9fWjkoqB,https://api.spotify.com/v1/audio-analysis/7HRMo1cEFxoInV9fWjkoqB,163264,4
0.833,0.606,11,-4.239,0,0.0437,0.0652,0,0.0729,0.876,99.192,audio_features,2H4FQWFt4f6EY6zQhpIunW,spotify:track:2H4FQWFt4f6EY6zQhpIunW,https://api.spotify.com/v1/tracks/2H4FQWFt4f6EY6zQhpIunW,https://api.spotify.com/v1/audio-analysis/2H4FQWFt4f6EY6zQhpIunW,253880,4
0.418,0.647,7,-5.843,0,0.0465,0.0597,0.522,0.107,0.582,99.764,audio_features,3yFpJho1CNOboe57GOte9M,spotify:track:3yFpJho1CNOboe57GOte9M,https://api.spotify.com/v1/tracks/3yFpJho1CNOboe57GOte9M,https://api.spotify.com/v1/audio-analysis/3yFpJho1CNOboe57GOte9M,332507,3
0.549,0.589,2,-6.631,0,0.0969,0.516,0.0029,0.185,0.505,73.188,audio_features,6ky18aPUPqThPQJ15v38ZC,spotify:track:6ky18aPUPqThPQJ15v38ZC,https://api.spotify.com/v1/tracks/6ky18aPUPqThPQJ15v38ZC,https://api.spotify.com/v1/audio-analysis/6ky18aPUPqThPQJ15v38ZC,289827,4
0.662,0.949,6,-4.758,1,0.108,0.127,0,0.135,0.515,91.954,audio_features,47W6YR93MPCGLEUReLMyDm,spotify:track:47W6YR93MPCGLEUReLMyDm,https://api.spotify.com/v1/tracks/47W6YR93MPCGLEUReLMyDm,https://api.spotify.com/v1/audio-analysis/47W6YR93MPCGLEUReLMyDm,229360,4
0.491,0.75,0,-8.361,1,0.037,0.00156,0.00266,0.403,0.617,84.919,audio_features,0JZjn9sGtDwfHHCsQ6s7Jm,spotify:track:0JZjn9sGtDwfHHCsQ6s7Jm,https://api.spotify.com/v1/tracks/0JZjn9sGtDwfHHCsQ6s7Jm,https://api.spotify.com/v1/audio-analysis/0JZjn9sGtDwfHHCsQ6s7Jm,262253,4
0.396,0.992,6,-5.221,1,0.126,0.00000831,0.0327,0.223,0.177,95.267,audio_features,3v6DcgLGFIiRJZ5f9GWAb3,spotify:track:3v6DcgLGFIiRJZ5f9GWAb3,https://api.spotify.com/v1/tracks/3v6DcgLGFIiRJZ5f9GWAb3,https://api.spotify.com/v1/audio-analysis/3v6DcgLGFIiRJZ5f9GWAb3,274089,4
0.725,0.774,5,-4.745,0,0.153,0.0672,0.0035,0.0693,0.825,96.034,audio_features,4GhBcTl9IGffZjZ2e0moqK,spotify:track:4GhBcTl9IGffZjZ2e0moqK,https://api.spotify.com/v1/tracks/4GhBcTl9IGffZjZ2e0moqK,https://api.spotify.com/v1/audio-analysis/4GhBcTl9IGffZjZ2e0moqK,201000,4
0.818,0.757,7,-4.305,1,0.0414,0.102,0.0127,0.171,0.877,112.013,audio_features,3ieivIBQTmCuhXiwAMCDlo,spotify:track:3ieivIBQTmCuhXiwAMCDlo,https://api.spotify.com/v1/tracks/3ieivIBQTmCuhXiwAMCDlo,https://api.spotify.com/v1/audio-analysis/3ieivIBQTmCuhXiwAMCDlo,326533,4
0.568,0.847,0,-3.356,0,0.0565,0.0867,0.000671,0.106,0.53,122.865,audio_features,637mDt2JwDlvUqa6WURqhQ,spotify:track:637mDt2JwDlvUqa6WURqhQ,https://api.spotify.com/v1/tracks/637mDt2JwDlvUqa6WURqhQ,https://api.spotify.com/v1/audio-analysis/637mDt2JwDlvUqa6WURqhQ,291667,4
0.579,0.503,11,-8.599,0,0.237,0.537,0.0000465,0.216,0.456,73.349,audio_features,5liaFrDdoINOvJ4B8WDPa1,spotify:track:5liaFrDdoINOvJ4B8WDPa1,https://api.spotify.com/v1/tracks/5liaFrDdoINOvJ4B8WDPa1,https://api.spotify.com/v1/audio-analysis/5liaFrDdoINOvJ4B8WDPa1,338453,4
0.473,0.958,4,-5.842,1,0.0518,0.0000389,0.931,0.0846,0.163,139.999,audio_features,0lCzuPbNN69pTHyGr84CUD,spotify:track:0lCzuPbNN69pTHyGr84CUD,https://api.spotify.com/v1/tracks/0lCzuPbNN69pTHyGr84CUD,https://api.spotify.com/v1/audio-analysis/0lCzuPbNN69pTHyGr84CUD,261965,4
0.85,0.654,10,-6.084,0,0.0823,0.0137,0.0231,0.099,0.933,122.023,audio_features,4MAbND60ugVoGlUzDQ7Z2r,spotify:track:4MAbND60ugVoGlUzDQ7Z2r,https://api.spotify.com/v1/tracks/4MAbND60ugVoGlUzDQ7Z2r,https://api.spotify.com/v1/audio-analysis/4MAbND60ugVoGlUzDQ7Z2r,258333,4
0.298,0.539,0,-13.524,1,0.0465,0.0276,0.000393,0.224,0.263,81.083,audio_features,1bWPK4pjH5eSkBiFAfNJPD,spotify:track:1bWPK4pjH5eSkBiFAfNJPD,https://api.spotify.com/v1/tracks/1bWPK4pjH5eSkBiFAfNJPD,https://api.spotify.com/v1/audio-analysis/1bWPK4pjH5eSkBiFAfNJPD,342320,4
0.589,0.457,1,-8.893,1,0.0601,0.847,0.0172,0.106,0.421,82.074,audio_features,0jET2Wl3JrzW2XCsFZza6i,spotify:track:0jET2Wl3JrzW2XCsFZza6i,https://api.spotify.com/v1/tracks/0jET2Wl3JrzW2XCsFZza6i,https://api.spotify.com/v1/audio-analysis/0jET2Wl3JrzW2XCsFZza6i,370333,4
0.704,0.385,1,-11.36,1,0.0327,0.587,0.000075,0.138,0.271,104.981,audio_features,0Ep5Bk8h6SAIWmRmLd4Psq,spotify:track:0Ep5Bk8h6SAIWmRmLd4Psq,https://api.spotify.com/v1/tracks/0Ep5Bk8h6SAIWmRmLd4Psq,https://api.spotify.com/v1/audio-analysis/0Ep5Bk8h6SAIWmRmLd4Psq,254427,4
0.804,0.403,8,-6.027,1,0.41,0.161,0.00000201,0.533,0.611,82.646,audio_features,6zSe7ZKNjb6Zl5AP78y5QN,spotify:track:6zSe7ZKNjb6Zl5AP78y5QN,https://api.spotify.com/v1/tracks/6zSe7ZKNjb6Zl5AP78y5QN,https://api.spotify.com/v1/audio-analysis/6zSe7ZKNjb6Zl5AP78y5QN,278600,4
0.746,0.59,1,-9.81,1,0.114,0.0138,0.465,0.361,0.618,88.876,audio_features,34msPuWKiwgxvV4fBfxOwT,spotify:track:34msPuWKiwgxvV4fBfxOwT,https://api.spotify.com/v1/tracks/34msPuWKiwgxvV4fBfxOwT,https://api.spotify.com/v1/audio-analysis/34msPuWKiwgxvV4fBfxOwT,270387,4
0.721,0.69,7,-6.86,1,0.0461,0.00786,0.766,0.116,0.579,120.59,audio_features,6ELRpNKL041qtxxi6YnxZI,spotify:track:6ELRpNKL041qtxxi6YnxZI,https://api.spotify.com/v1/tracks/6ELRpNKL041qtxxi6YnxZI,https://api.spotify.com/v1/audio-analysis/6ELRpNKL041qtxxi6YnxZI,317867,4
0.66,0.783,2,-5.439,1,0.0819,0.11,0.000987,0.0713,0.873,94.936,audio_features,0Zi1nMRG2LFvsLJa8LAcUA,spotify:track:0Zi1nMRG2LFvsLJa8LAcUA,https://api.spotify.com/v1/tracks/0Zi1nMRG2LFvsLJa8LAcUA,https://api.spotify.com/v1/audio-analysis/0Zi1nMRG2LFvsLJa8LAcUA,212680,4
0.761,0.94,7,-4.305,1,0.05,0.0167,0.381,0.706,0.716,104.044,audio_features,2ZzitfDmPR8SZ1gLNBaZBs,spotify:track:2ZzitfDmPR8SZ1gLNBaZBs,https://api.spotify.com/v1/tracks/2ZzitfDmPR8SZ1gLNBaZBs,https://api.spotify.com/v1/audio-analysis/2ZzitfDmPR8SZ1gLNBaZBs,211573,4
0.723,0.771,11,-6.155,0,0.0672,0.184,0,0.295,0.943,108.026,audio_features,0JZpLis59RbKAC1gz5bLZl,spotify:track:0JZpLis59RbKAC1gz5bLZl,https://api.spotify.com/v1/tracks/0JZpLis59RbKAC1gz5bLZl,https://api.spotify.com/v1/audio-analysis/0JZpLis59RbKAC1gz5bLZl,299984,4
0.731,0.499,1,-4.146,0,0.043,0.0576,0.0000285,0.649,0.777,82.001,audio_features,369II3IdMkRi6tZ9kalEui,spotify:track:369II3IdMkRi6tZ9kalEui,https://api.spotify.com/v1/tracks/369II3IdMkRi6tZ9kalEui,https://api.spotify.com/v1/audio-analysis/369II3IdMkRi6tZ9kalEui,270480,4
0.675,0.88,4,-7.351,0,0.0481,0.0746,0.0000277,0.0649,0.927,107.955,audio_features,0c6pRcSQxU5BvOMfVGiXSM,spotify:track:0c6pRcSQxU5BvOMfVGiXSM,https://api.spotify.com/v1/tracks/0c6pRcSQxU5BvOMfVGiXSM,https://api.spotify.com/v1/audio-analysis/0c6pRcSQxU5BvOMfVGiXSM,314800,4
0.652,0.716,2,-7.264,0,0.0318,0.0346,0.86,0.0593,0.961,86.682,audio_features,0SbvEJlshGh8hCYhxNVNEB,spotify:track:0SbvEJlshGh8hCYhxNVNEB,https://api.spotify.com/v1/tracks/0SbvEJlshGh8hCYhxNVNEB,https://api.spotify.com/v1/audio-analysis/0SbvEJlshGh8hCYhxNVNEB,345400,4
0.556,0.799,10,-6.829,0,0.0435,0.00134,0.756,0.17,0.977,119.107,audio_features,62OcNhoMT6msCLNfe9OZKO,spotify:track:62OcNhoMT6msCLNfe9OZKO,https://api.spotify.com/v1/tracks/62OcNhoMT6msCLNfe9OZKO,https://api.spotify.com/v1/audio-analysis/62OcNhoMT6msCLNfe9OZKO,241253,4
0.761,0.821,5,-6.309,0,0.0321,0.00873,0.00423,0.147,0.905,106.401,audio_features,1F8FOSp9RZ2MciYto5V47P,spotify:track:1F8FOSp9RZ2MciYto5V47P,https://api.spotify.com/v1/tracks/1F8FOSp9RZ2MciYto5V47P,https://api.spotify.com/v1/audio-analysis/1F8FOSp9RZ2MciYto5V47P,222107,4
0.609,0.858,0,-5.019,0,0.0494,0.0165,0.0812,0.0644,0.933,104.422,audio_features,06u7kUlGBHE26tzB0vANF7,spotify:track:06u7kUlGBHE26tzB0vANF7,https://api.spotify.com/v1/tracks/06u7kUlGBHE26tzB0vANF7,https://api.spotify.com/v1/audio-analysis/06u7kUlGBHE26tzB0vANF7,181240,4
0.797,0.791,4,-6.282,0,0.108,0.242,0.000111,0.0694,0.962,78.01,audio_features,0W7Z9edIuagr1TmOTzNVMW,spotify:track:0W7Z9edIuagr1TmOTzNVMW,https://api.spotify.com/v1/tracks/0W7Z9edIuagr1TmOTzNVMW,https://api.spotify.com/v1/audio-analysis/0W7Z9edIuagr1TmOTzNVMW,278453,4
0.782,0.724,1,-7.503,1,0.408,0.505,0,0.639,0.764,82.089,audio_features,3XdtfkqsjOEFwT1peCV8b9,spotify:track:3XdtfkqsjOEFwT1peCV8b9,https://api.spotify.com/v1/tracks/3XdtfkqsjOEFwT1peCV8b9,https://api.spotify.com/v1/audio-analysis/3XdtfkqsjOEFwT1peCV8b9,225707,4
0.654,0.785,2,-4.165,1,0.0396,0.0185,0.0000593,0.059,0.688,176.037,audio_features,0zxKXN0V3FhW2ltycon0dh,spotify:track:0zxKXN0V3FhW2ltycon0dh,https://api.spotify.com/v1/tracks/0zxKXN0V3FhW2ltycon0dh,https://api.spotify.com/v1/audio-analysis/0zxKXN0V3FhW2ltycon0dh,161813,4
0.772,0.235,7,-9.075,0,0.0479,0.753,0.00125,0.111,0.703,154.802,audio_features,4eMxLQtSdgxdA1Hs6D2YuN,spotify:track:4eMxLQtSdgxdA1Hs6D2YuN,https://api.spotify.com/v1/tracks/4eMxLQtSdgxdA1Hs6D2YuN,https://api.spotify.com/v1/audio-analysis/4eMxLQtSdgxdA1Hs6D2YuN,245320,4
0.618,0.172,7,-15.342,1,0.0518,0.969,0.0321,0.079,0.462,152.435,audio_features,5voIoFpbuy0frbhBzqenqC,spotify:track:5voIoFpbuy0frbhBzqenqC,https://api.spotify.com/v1/tracks/5voIoFpbuy0frbhBzqenqC,https://api.spotify.com/v1/audio-analysis/5voIoFpbuy0frbhBzqenqC,363107,4
0.656,0.421,4,-8.528,1,0.0291,0.248,0.775,0.1,0.1,120.012,audio_features,3j5V7IBvCa6P6JhZnCjT7F,spotify:track:3j5V7IBvCa6P6JhZnCjT7F,https://api.spotify.com/v1/tracks/3j5V7IBvCa6P6JhZnCjT7F,https://api.spotify.com/v1/audio-analysis/3j5V7IBvCa6P6JhZnCjT7F,291040,4
0.483,0.66,6,-9.783,0,0.0388,0.164,0.918,0.0967,0.717,190.186,audio_features,2T3WJZLfknGj7ihx24Ody3,spotify:track:2T3WJZLfknGj7ihx24Ody3,https://api.spotify.com/v1/tracks/2T3WJZLfknGj7ihx24Ody3,https://api.spotify.com/v1/audio-analysis/2T3WJZLfknGj7ihx24Ody3,270467,3
0.736,0.89,1,-5.07,0,0.249,0.161,0,0.166,0.679,142.101,audio_features,1HRfk33rb6Td8NqQsZ2wC8,spotify:track:1HRfk33rb6Td8NqQsZ2wC8,https://api.spotify.com/v1/tracks/1HRfk33rb6Td8NqQsZ2wC8,https://api.spotify.com/v1/audio-analysis/1HRfk33rb6Td8NqQsZ2wC8,206244,4
0.597,0.909,4,-7.36,0,0.0482,0.00361,0.698,0.251,0.86,107.88,audio_features,5PqdGrQr36yD6luUNJg3up,spotify:track:5PqdGrQr36yD6luUNJg3up,https://api.spotify.com/v1/tracks/5PqdGrQr36yD6luUNJg3up,https://api.spotify.com/v1/audio-analysis/5PqdGrQr36yD6luUNJg3up,275933,4
0.802,0.818,5,-7.922,1,0.13,0.238,0.376,0.152,0.73,118.779,audio_features,6Q90anzFub9ZhzmhLLwuZA,spotify:track:6Q90anzFub9ZhzmhLLwuZA,https://api.spotify.com/v1/tracks/6Q90anzFub9ZhzmhLLwuZA,https://api.spotify.com/v1/audio-analysis/6Q90anzFub9ZhzmhLLwuZA,226107,4
0.758,0.792,3,-5.59,1,0.079,0.133,0.0138,0.0245,0.666,115.752,audio_features,7b3ceiH1Cy03cR0GtlqgHV,spotify:track:7b3ceiH1Cy03cR0GtlqgHV,https://api.spotify.com/v1/tracks/7b3ceiH1Cy03cR0GtlqgHV,https://api.spotify.com/v1/audio-analysis/7b3ceiH1Cy03cR0GtlqgHV,139105,4
0.636,0.679,10,-10.871,0,0.111,0.207,0.000105,0.176,0.561,98.971,audio_features,0HCLvzjx8mkL7OAvRg9osD,spotify:track:0HCLvzjx8mkL7OAvRg9osD,https://api.spotify.com/v1/tracks/0HCLvzjx8mkL7OAvRg9osD,https://api.spotify.com/v1/audio-analysis/0HCLvzjx8mkL7OAvRg9osD,335280,4
0.626,0.361,11,-12.054,1,0.19,0.605,0.059,0.0714,0.724,83.501,audio_features,4O0XfFuNoOGaHCqzelMylQ,spotify:track:4O0XfFuNoOGaHCqzelMylQ,https://api.spotify.com/v1/tracks/4O0XfFuNoOGaHCqzelMylQ,https://api.spotify.com/v1/audio-analysis/4O0XfFuNoOGaHCqzelMylQ,284987,4
0.798,0.834,1,-1.833,1,0.0371,0.00323,0.0000808,0.151,0.728,149.984,audio_features,2y6rfQMvcFhJSiOMDqgqI2,spotify:track:2y6rfQMvcFhJSiOMDqgqI2,https://api.spotify.com/v1/tracks/2y6rfQMvcFhJSiOMDqgqI2,https://api.spotify.com/v1/audio-analysis/2y6rfQMvcFhJSiOMDqgqI2,172800,4
0.612,0.97,6,-4.362,1,0.0613,0.00557,0.000251,0.32,0.333,117.517,audio_features,1kId8o2NIHcg8bmqmuIg1w,spotify:track:1kId8o2NIHcg8bmqmuIg1w,https://api.spotify.com/v1/tracks/1kId8o2NIHcg8bmqmuIg1w,https://api.spotify.com/v1/audio-analysis/1kId8o2NIHcg8bmqmuIg1w,271625,4
0.269,0.995,2,-3.656,0,0.165,0.00227,0.719,0.0517,0.131,112.398,audio_features,6o69IdDbK3CSUUQfXlX2CN,spotify:track:6o69IdDbK3CSUUQfXlX2CN,https://api.spotify.com/v1/tracks/6o69IdDbK3CSUUQfXlX2CN,https://api.spotify.com/v1/audio-analysis/6o69IdDbK3CSUUQfXlX2CN,417613,4
0.326,0.649,6,-11.612,1,0.0514,0.041,0.868,0.106,0.337,149.751,audio_features,60IZhkTMKK41UKgIcHY4ns,spotify:track:60IZhkTMKK41UKgIcHY4ns,https://api.spotify.com/v1/tracks/60IZhkTMKK41UKgIcHY4ns,https://api.spotify.com/v1/audio-analysis/60IZhkTMKK41UKgIcHY4ns,231475,4
0.392,0.708,1,-6.82,1,0.0588,0.0415,0.000464,0.256,0.483,157.414,audio_features,39uUVImdhfZmDdbq4xectp,spotify:track:39uUVImdhfZmDdbq4xectp,https://api.spotify.com/v1/tracks/39uUVImdhfZmDdbq4xectp,https://api.spotify.com/v1/audio-analysis/39uUVImdhfZmDdbq4xectp,204550,4
0.4,0.75,6,-4.563,0,0.0448,0.109,0,0.197,0.822,170.258,audio_features,6sHU7JZXvhLt4HXRSKuHic,spotify:track:6sHU7JZXvhLt4HXRSKuHic,https://api.spotify.com/v1/tracks/6sHU7JZXvhLt4HXRSKuHic,https://api.spotify.com/v1/audio-analysis/6sHU7JZXvhLt4HXRSKuHic,165640,4
0.79,0.617,1,-4.744,1,0.0623,0.0503,0.0032,0.0923,0.532,83.974,audio_features,7k5xsLopn4tgTYsXXuSaEg,spotify:track:7k5xsLopn4tgTYsXXuSaEg,https://api.spotify.com/v1/tracks/7k5xsLopn4tgTYsXXuSaEg,https://api.spotify.com/v1/audio-analysis/7k5xsLopn4tgTYsXXuSaEg,92857,4
0.415,0.463,6,-9.86,0,0.0823,0.134,0.00255,0.101,0.573,96.1,audio_features,7wlcweEsneQgizqNOrUqJE,spotify:track:7wlcweEsneQgizqNOrUqJE,https://api.spotify.com/v1/tracks/7wlcweEsneQgizqNOrUqJE,https://api.spotify.com/v1/audio-analysis/7wlcweEsneQgizqNOrUqJE,350533,4
0.525,0.854,1,-6.294,1,0.0654,0.0102,0.000275,0.346,0.469,82.973,audio_features,4DNJDt8cxCSLT81rjlD6h4,spotify:track:4DNJDt8cxCSLT81rjlD6h4,https://api.spotify.com/v1/tracks/4DNJDt8cxCSLT81rjlD6h4,https://api.spotify.com/v1/audio-analysis/4DNJDt8cxCSLT81rjlD6h4,226600,4
0.429,0.464,10,-15.138,0,0.043,0.535,0.0543,0.139,0.0408,127.025,audio_features,1scrlKynvXpAbnZ2r7GU1c,spotify:track:1scrlKynvXpAbnZ2r7GU1c,https://api.spotify.com/v1/tracks/1scrlKynvXpAbnZ2r7GU1c,https://api.spotify.com/v1/audio-analysis/1scrlKynvXpAbnZ2r7GU1c,297059,4
0.784,0.653,2,-6.338,0,0.0404,0.322,0.00028,0.163,0.905,114.002,audio_features,5JpOCHGH1Wq1RFSLJteufN,spotify:track:5JpOCHGH1Wq1RFSLJteufN,https://api.spotify.com/v1/tracks/5JpOCHGH1Wq1RFSLJteufN,https://api.spotify.com/v1/audio-analysis/5JpOCHGH1Wq1RFSLJteufN,272147,4
0.348,0.738,6,-7.221,0,0.0447,0.136,0.0327,0.0689,0.593,99.771,audio_features,4T1168WOWj7Ch7DbbNEFp7,spotify:track:4T1168WOWj7Ch7DbbNEFp7,https://api.spotify.com/v1/tracks/4T1168WOWj7Ch7DbbNEFp7,https://api.spotify.com/v1/audio-analysis/4T1168WOWj7Ch7DbbNEFp7,644256,3
0.742,0.721,9,-8.149,0,0.211,0.18,0,0.0521,0.492,104.087,audio_features,13mDG8jaeiaquPfyxYhjxF,spotify:track:13mDG8jaeiaquPfyxYhjxF,https://api.spotify.com/v1/tracks/13mDG8jaeiaquPfyxYhjxF,https://api.spotify.com/v1/audio-analysis/13mDG8jaeiaquPfyxYhjxF,153493,4
0.738,0.716,10,-6.422,0,0.0527,0.00245,0.0313,0.0279,0.829,100.094,audio_features,1vdgTDW98RoUCUEg9Qx0O1,spotify:track:1vdgTDW98RoUCUEg9Qx0O1,https://api.spotify.com/v1/tracks/1vdgTDW98RoUCUEg9Qx0O1,https://api.spotify.com/v1/audio-analysis/1vdgTDW98RoUCUEg9Qx0O1,165840,4
0.494,0.381,9,-7.21,1,0.046,0.776,0.00118,0.0728,0.529,103.58,audio_features,3D73qlO3Nkoj7H3mr54ron,spotify:track:3D73qlO3Nkoj7H3mr54ron,https://api.spotify.com/v1/tracks/3D73qlO3Nkoj7H3mr54ron,https://api.spotify.com/v1/audio-analysis/3D73qlO3Nkoj7H3mr54ron,151532,4
0.775,0.719,7,-6.212,0,0.0435,0.132,0.00000179,0.0662,0.712,117.513,audio_features,48td6xvpokdYwvbl3JIiXP,spotify:track:48td6xvpokdYwvbl3JIiXP,https://api.spotify.com/v1/tracks/48td6xvpokdYwvbl3JIiXP,https://api.spotify.com/v1/audio-analysis/48td6xvpokdYwvbl3JIiXP,246027,4
0.314,0.883,7,-3.67,1,0.0459,0.000601,0.00028,0.275,0.564,80.484,audio_features,1SHK388zuZzBCiUP5KOiAe,spotify:track:1SHK388zuZzBCiUP5KOiAe,https://api.spotify.com/v1/tracks/1SHK388zuZzBCiUP5KOiAe,https://api.spotify.com/v1/audio-analysis/1SHK388zuZzBCiUP5KOiAe,196016,4
0.366,0.989,2,-3.378,1,0.176,0.00036,0.863,0.143,0.235,166.911,audio_features,6LaEaOwWkvP8DWa7S3yXkC,spotify:track:6LaEaOwWkvP8DWa7S3yXkC,https://api.spotify.com/v1/tracks/6LaEaOwWkvP8DWa7S3yXkC,https://api.spotify.com/v1/audio-analysis/6LaEaOwWkvP8DWa7S3yXkC,309947,4
0.656,0.944,2,-5.048,1,0.0482,0.114,0.241,0.107,0.699,130.099,audio_features,5KbQA1Nx5MDQlqeX1yg3ae,spotify:track:5KbQA1Nx5MDQlqeX1yg3ae,https://api.spotify.com/v1/tracks/5KbQA1Nx5MDQlqeX1yg3ae,https://api.spotify.com/v1/audio-analysis/5KbQA1Nx5MDQlqeX1yg3ae,306573,4
0.538,0.894,1,-9.212,1,0.0492,0.0321,0.879,0.129,0.756,121.56,audio_features,0mcO5BXKTvLug9sjHqQodZ,spotify:track:0mcO5BXKTvLug9sjHqQodZ,https://api.spotify.com/v1/tracks/0mcO5BXKTvLug9sjHqQodZ,https://api.spotify.com/v1/audio-analysis/0mcO5BXKTvLug9sjHqQodZ,263147,4
0.73,0.683,7,-9.067,0,0.225,0.722,0.00477,0.034,0.85,93.929,audio_features,14IwWPbLxITWFEJRvGnFi1,spotify:track:14IwWPbLxITWFEJRvGnFi1,https://api.spotify.com/v1/tracks/14IwWPbLxITWFEJRvGnFi1,https://api.spotify.com/v1/audio-analysis/14IwWPbLxITWFEJRvGnFi1,279600,4
0.56,0.794,0,-4.647,1,0.327,0.43,0.00000513,0.0337,0.854,187.629,audio_features,28koESEoRVuT0dKEp9UEnw,spotify:track:28koESEoRVuT0dKEp9UEnw,https://api.spotify.com/v1/tracks/28koESEoRVuT0dKEp9UEnw,https://api.spotify.com/v1/audio-analysis/28koESEoRVuT0dKEp9UEnw,252560,4
0.632,0.508,7,-9.101,1,0.0916,0.657,0.715,0.333,0.603,101.459,audio_features,0O21ezSaL48lYRUsnT3WJ0,spotify:track:0O21ezSaL48lYRUsnT3WJ0,https://api.spotify.com/v1/tracks/0O21ezSaL48lYRUsnT3WJ0,https://api.spotify.com/v1/audio-analysis/0O21ezSaL48lYRUsnT3WJ0,263960,4
0.55,0.804,7,-4.305,0,0.0401,0.206,0.217,0.0603,0.79,112.461,audio_features,2fAECghmrOUoo7rwLZVqrN,spotify:track:2fAECghmrOUoo7rwLZVqrN,https://api.spotify.com/v1/tracks/2fAECghmrOUoo7rwLZVqrN,https://api.spotify.com/v1/audio-analysis/2fAECghmrOUoo7rwLZVqrN,393480,4
0.658,0.756,4,-6.788,0,0.263,0.0335,0.00016,0.254,0.607,148.104,audio_features,5PtCTa4Br6JKUUUikVRam3,spotify:track:5PtCTa4Br6JKUUUikVRam3,https://api.spotify.com/v1/tracks/5PtCTa4Br6JKUUUikVRam3,https://api.spotify.com/v1/audio-analysis/5PtCTa4Br6JKUUUikVRam3,228227,4
0.359,0.894,11,-6.248,0,0.212,0.000124,0.166,0.157,0.684,85.165,audio_features,1FL09Ba2cWrKiqEpTUiOHL,spotify:track:1FL09Ba2cWrKiqEpTUiOHL,https://api.spotify.com/v1/tracks/1FL09Ba2cWrKiqEpTUiOHL,https://api.spotify.com/v1/audio-analysis/1FL09Ba2cWrKiqEpTUiOHL,349340,4
0.793,0.871,11,-6.235,1,0.0667,0.108,0.000229,0.147,0.656,143.988,audio_features,78qpAvQJ05dgqke1lX63PP,spotify:track:78qpAvQJ05dgqke1lX63PP,https://api.spotify.com/v1/tracks/78qpAvQJ05dgqke1lX63PP,https://api.spotify.com/v1/audio-analysis/78qpAvQJ05dgqke1lX63PP,196046,4
0.82,0.705,9,-6.068,0,0.417,0.191,0,0.2,0.586,127.079,audio_features,6nO0XhSYtZ4wqJt5J5TpCO,spotify:track:6nO0XhSYtZ4wqJt5J5TpCO,https://api.spotify.com/v1/tracks/6nO0XhSYtZ4wqJt5J5TpCO,https://api.spotify.com/v1/audio-analysis/6nO0XhSYtZ4wqJt5J5TpCO,152599,4
0.546,0.539,4,-5.588,1,0.0346,0.777,0,0.124,0.286,119.637,audio_features,4JXXyXK12F0LGuYyxI1DGv,spotify:track:4JXXyXK12F0LGuYyxI1DGv,https://api.spotify.com/v1/tracks/4JXXyXK12F0LGuYyxI1DGv,https://api.spotify.com/v1/audio-analysis/4JXXyXK12F0LGuYyxI1DGv,185893,4
0.781,0.449,1,-4.937,0,0.107,0.292,0.00467,0.422,0.522,92.999,audio_features,5EpVXKDlmJP9y5BSBwLqtZ,spotify:track:5EpVXKDlmJP9y5BSBwLqtZ,https://api.spotify.com/v1/tracks/5EpVXKDlmJP9y5BSBwLqtZ,https://api.spotify.com/v1/audio-analysis/5EpVXKDlmJP9y5BSBwLqtZ,208631,4
0.713,0.738,10,-6.784,1,0.374,0.255,0,0.106,0.425,105.027,audio_features,79esEXlqqmq0GPz0xQSZTV,spotify:track:79esEXlqqmq0GPz0xQSZTV,https://api.spotify.com/v1/tracks/79esEXlqqmq0GPz0xQSZTV,https://api.spotify.com/v1/audio-analysis/79esEXlqqmq0GPz0xQSZTV,201200,4
0.648,0.611,10,-8.105,0,0.0408,0.183,0.00172,0.0973,0.544,101.191,audio_features,53VM4gvsYb6ONo53dV27Kt,spotify:track:53VM4gvsYb6ONo53dV27Kt,https://api.spotify.com/v1/tracks/53VM4gvsYb6ONo53dV27Kt,https://api.spotify.com/v1/audio-analysis/53VM4gvsYb6ONo53dV27Kt,330520,4
0.557,0.532,8,-6.666,1,0.0514,0.208,0.0000246,0.0362,0.277,128.086,audio_features,17WvqOCeq5E2nWMOvdRsvz,spotify:track:17WvqOCeq5E2nWMOvdRsvz,https://api.spotify.com/v1/tracks/17WvqOCeq5E2nWMOvdRsvz,https://api.spotify.com/v1/audio-analysis/17WvqOCeq5E2nWMOvdRsvz,234947,4
0.768,0.631,6,-6.67,1,0.0711,0.073,0.00021,0.0684,0.878,120.034,audio_features,3O6uYNUr3xLaBlFoZnxIcM,spotify:track:3O6uYNUr3xLaBlFoZnxIcM,https://api.spotify.com/v1/tracks/3O6uYNUr3xLaBlFoZnxIcM,https://api.spotify.com/v1/audio-analysis/3O6uYNUr3xLaBlFoZnxIcM,280947,4
0.85,0.634,8,-8.525,0,0.199,0.00282,0.000932,0.122,0.807,115.944,audio_features,5OG8AIpj2rLoh9tNZyL6lg,spotify:track:5OG8AIpj2rLoh9tNZyL6lg,https://api.spotify.com/v1/tracks/5OG8AIpj2rLoh9tNZyL6lg,https://api.spotify.com/v1/audio-analysis/5OG8AIpj2rLoh9tNZyL6lg,264828,4
0.432,0.819,5,-4.648,0,0.0465,0.0000984,0.828,0.111,0.504,156.007,audio_features,3WdXUWFdf1js00jNSpZU0U,spotify:track:3WdXUWFdf1js00jNSpZU0U,https://api.spotify.com/v1/tracks/3WdXUWFdf1js00jNSpZU0U,https://api.spotify.com/v1/audio-analysis/3WdXUWFdf1js00jNSpZU0U,340096,4
0.432,0.811,10,-4.048,0,0.0715,0.000365,0.000234,0.0686,0.544,174.949,audio_features,0d2XP7551co5Ij7TUHrne1,spotify:track:0d2XP7551co5Ij7TUHrne1,https://api.spotify.com/v1/tracks/0d2XP7551co5Ij7TUHrne1,https://api.spotify.com/v1/audio-analysis/0d2XP7551co5Ij7TUHrne1,240512,4
0.656,0.578,0,-8.235,1,0.0306,0.294,0.00178,0.533,0.737,97.001,audio_features,6Oj4srr7wuNg5MEG4qWqSw,spotify:track:6Oj4srr7wuNg5MEG4qWqSw,https://api.spotify.com/v1/tracks/6Oj4srr7wuNg5MEG4qWqSw,https://api.spotify.com/v1/audio-analysis/6Oj4srr7wuNg5MEG4qWqSw,242440,4
0.926,0.336,0,-9.326,0,0.594,0.0392,0,0.138,0.38,92.995,audio_features,39hnH8WdPmNT3Q3yzwC9Rg,spotify:track:39hnH8WdPmNT3Q3yzwC9Rg,https://api.spotify.com/v1/tracks/39hnH8WdPmNT3Q3yzwC9Rg,https://api.spotify.com/v1/audio-analysis/39hnH8WdPmNT3Q3yzwC9Rg,196600,4
0.689,0.564,0,-8.604,1,0.189,0.021,0.0000423,0.472,0.107,100.002,audio_features,6iaEL3KYwAb1cUtdOjSxNl,spotify:track:6iaEL3KYwAb1cUtdOjSxNl,https://api.spotify.com/v1/tracks/6iaEL3KYwAb1cUtdOjSxNl,https://api.spotify.com/v1/audio-analysis/6iaEL3KYwAb1cUtdOjSxNl,215573,4
0.48,0.385,11,-11.465,0,0.0269,0.0525,0.0274,0.107,0.332,155.074,audio_features,5ZxteN0udBmAcPxzpcq6cY,spotify:track:5ZxteN0udBmAcPxzpcq6cY,https://api.spotify.com/v1/tracks/5ZxteN0udBmAcPxzpcq6cY,https://api.spotify.com/v1/audio-analysis/5ZxteN0udBmAcPxzpcq6cY,306653,3
0.792,0.538,11,-8.654,0,0.314,0.535,0,0.122,0.761,91.992,audio_features,3oNn2Qg40BPekTa4zxpSp2,spotify:track:3oNn2Qg40BPekTa4zxpSp2,https://api.spotify.com/v1/tracks/3oNn2Qg40BPekTa4zxpSp2,https://api.spotify.com/v1/audio-analysis/3oNn2Qg40BPekTa4zxpSp2,200829,4
0.65,0.948,10,-7.813,0,0.0524,0.000328,0.793,0.217,0.714,111.565,audio_features,0Oqhw691klP8oeKM3joA9g,spotify:track:0Oqhw691klP8oeKM3joA9g,https://api.spotify.com/v1/tracks/0Oqhw691klP8oeKM3joA9g,https://api.spotify.com/v1/audio-analysis/0Oqhw691klP8oeKM3joA9g,355080,4
0.504,0.327,1,-14.356,1,0.028,0.815,0.806,0.106,0.295,106.634,audio_features,0eLvWUMEyflsaEfP6PPr1h,spotify:track:0eLvWUMEyflsaEfP6PPr1h,https://api.spotify.com/v1/tracks/0eLvWUMEyflsaEfP6PPr1h,https://api.spotify.com/v1/audio-analysis/0eLvWUMEyflsaEfP6PPr1h,251655,1
0.75,0.578,9,-5.442,0,0.0356,0.405,0.0000537,0.046,0.622,112.352,audio_features,5jtSajjfhRRPozlv03Ue13,spotify:track:5jtSajjfhRRPozlv03Ue13,https://api.spotify.com/v1/tracks/5jtSajjfhRRPozlv03Ue13,https://api.spotify.com/v1/audio-analysis/5jtSajjfhRRPozlv03Ue13,248893,3
0.782,0.598,3,-8.459,0,0.581,0.303,0,0.098,0.896,85.825,audio_features,5nSrNZnwiEu0Y9oQEeYPoM,spotify:track:5nSrNZnwiEu0Y9oQEeYPoM,https://api.spotify.com/v1/tracks/5nSrNZnwiEu0Y9oQEeYPoM,https://api.spotify.com/v1/audio-analysis/5nSrNZnwiEu0Y9oQEeYPoM,148372,4
0.46,0.72,6,-6.494,1,0.042,0.00259,0.0000109,0.372,0.647,181.92,audio_features,6FrFMAGUpH6DT52Czad1RN,spotify:track:6FrFMAGUpH6DT52Czad1RN,https://api.spotify.com/v1/tracks/6FrFMAGUpH6DT52Czad1RN,https://api.spotify.com/v1/audio-analysis/6FrFMAGUpH6DT52Czad1RN,273040,3
0.494,0.79,8,-4.165,1,0.0338,0.013,0.233,0.165,0.0398,120.006,audio_features,5jz2XYi3qJC3nN62FW1PUp,spotify:track:5jz2XYi3qJC3nN62FW1PUp,https://api.spotify.com/v1/tracks/5jz2XYi3qJC3nN62FW1PUp,https://api.spotify.com/v1/audio-analysis/5jz2XYi3qJC3nN62FW1PUp,332976,4
0.728,0.635,8,-9.068,1,0.285,0.124,0,0.701,0.56,97.011,audio_features,0ZdPv45oVlh5eI9EnBCun6,spotify:track:0ZdPv45oVlh5eI9EnBCun6,https://api.spotify.com/v1/tracks/0ZdPv45oVlh5eI9EnBCun6,https://api.spotify.com/v1/audio-analysis/0ZdPv45oVlh5eI9EnBCun6,306547,4
0.263,0.914,9,-4.922,1,0.0555,0.00176,0,0.173,0.43,113.807,audio_features,1iMFCmdgckITIcGKcAnYji,spotify:track:1iMFCmdgckITIcGKcAnYji,https://api.spotify.com/v1/tracks/1iMFCmdgckITIcGKcAnYji,https://api.spotify.com/v1/audio-analysis/1iMFCmdgckITIcGKcAnYji,219293,4
0.679,0.724,10,-10.11,1,0.0855,0.0377,0.149,0.143,0.603,88.003,audio_features,6tw4HTcqBCIvznYgJ8zmsf,spotify:track:6tw4HTcqBCIvznYgJ8zmsf,https://api.spotify.com/v1/tracks/6tw4HTcqBCIvznYgJ8zmsf,https://api.spotify.com/v1/audio-analysis/6tw4HTcqBCIvznYgJ8zmsf,130653,4
0.414,0.267,10,-17.391,0,0.0338,0.824,0.934,0.109,0.327,110.242,audio_features,6or1VbOYOIjDPxJxyjZvuE,spotify:track:6or1VbOYOIjDPxJxyjZvuE,https://api.spotify.com/v1/tracks/6or1VbOYOIjDPxJxyjZvuE,https://api.spotify.com/v1/audio-analysis/6or1VbOYOIjDPxJxyjZvuE,526613,3
0.548,0.848,7,-4.735,1,0.305,0.172,0.000123,0.253,0.647,203.781,audio_features,5xAfdl3UzWnifSOvlVJUXn,spotify:track:5xAfdl3UzWnifSOvlVJUXn,https://api.spotify.com/v1/tracks/5xAfdl3UzWnifSOvlVJUXn,https://api.spotify.com/v1/audio-analysis/5xAfdl3UzWnifSOvlVJUXn,277227,4
0.469,0.909,1,-5.114,1,0.0397,0.0871,0.921,0.0779,0.675,137.32,audio_features,36XAzscdDbMhQrKj3GF8jp,spotify:track:36XAzscdDbMhQrKj3GF8jp,https://api.spotify.com/v1/tracks/36XAzscdDbMhQrKj3GF8jp,https://api.spotify.com/v1/audio-analysis/36XAzscdDbMhQrKj3GF8jp,291875,4
0.764,0.566,0,-12.578,1,0.0429,0.0468,0.000305,0.0792,0.937,120.072,audio_features,5oCesSn1ndF0E9nQTq9xPV,spotify:track:5oCesSn1ndF0E9nQTq9xPV,https://api.spotify.com/v1/tracks/5oCesSn1ndF0E9nQTq9xPV,https://api.spotify.com/v1/audio-analysis/5oCesSn1ndF0E9nQTq9xPV,251440,4
0.214,0.365,3,-9.466,1,0.0337,0.909,0.00202,0.107,0.112,130.426,audio_features,7HhyLr4dm0wZylFWYz9mSw,spotify:track:7HhyLr4dm0wZylFWYz9mSw,https://api.spotify.com/v1/tracks/7HhyLr4dm0wZylFWYz9mSw,https://api.spotify.com/v1/audio-analysis/7HhyLr4dm0wZylFWYz9mSw,239307,3
0.808,0.681,2,-5.959,0,0.0367,0.0949,0.0198,0.25,0.612,108.982,audio_features,7extBYaQIMjgCXWjdj2xwJ,spotify:track:7extBYaQIMjgCXWjdj2xwJ,https://api.spotify.com/v1/tracks/7extBYaQIMjgCXWjdj2xwJ,https://api.spotify.com/v1/audio-analysis/7extBYaQIMjgCXWjdj2xwJ,215653,4
0.626,0.724,10,-6.031,0,0.0641,0.144,0.000104,0.0676,0.754,130.673,audio_features,5aTqkzPP9PJ7wta153R5Xt,spotify:track:5aTqkzPP9PJ7wta153R5Xt,https://api.spotify.com/v1/tracks/5aTqkzPP9PJ7wta153R5Xt,https://api.spotify.com/v1/audio-analysis/5aTqkzPP9PJ7wta153R5Xt,199933,4
0.72,0.831,1,-4.731,1,0.187,0.0489,0,0.0743,0.667,107.124,audio_features,1hlgcF5OeXLywadYzMrWuE,spotify:track:1hlgcF5OeXLywadYzMrWuE,https://api.spotify.com/v1/tracks/1hlgcF5OeXLywadYzMrWuE,https://api.spotify.com/v1/audio-analysis/1hlgcF5OeXLywadYzMrWuE,228880,4
0.727,0.918,6,-4.232,1,0.215,0.118,0,0.141,0.815,95.455,audio_features,5FS2gDV79Kz3WI2aZNBga2,spotify:track:5FS2gDV79Kz3WI2aZNBga2,https://api.spotify.com/v1/tracks/5FS2gDV79Kz3WI2aZNBga2,https://api.spotify.com/v1/audio-analysis/5FS2gDV79Kz3WI2aZNBga2,244132,4
0.817,0.586,11,-9.521,0,0.0802,0.0263,0.00464,0.0812,0.752,107.972,audio_features,35Cy1KKtZ9YfuDAOAmzc4R,spotify:track:35Cy1KKtZ9YfuDAOAmzc4R,https://api.spotify.com/v1/tracks/35Cy1KKtZ9YfuDAOAmzc4R,https://api.spotify.com/v1/audio-analysis/35Cy1KKtZ9YfuDAOAmzc4R,320800,4
0.282,0.815,11,-6.976,0,0.0389,0.000588,0.79,0.119,0.11,145.978,audio_features,6R3h3NApczKdF0GHqLD1Iv,spotify:track:6R3h3NApczKdF0GHqLD1Iv,https://api.spotify.com/v1/tracks/6R3h3NApczKdF0GHqLD1Iv,https://api.spotify.com/v1/audio-analysis/6R3h3NApczKdF0GHqLD1Iv,393026,3
0.522,0.463,9,-10.341,0,0.0393,0.258,0,0.159,0.92,171.682,audio_features,0k5M5HOsekGYn7GKVUfBGc,spotify:track:0k5M5HOsekGYn7GKVUfBGc,https://api.spotify.com/v1/tracks/0k5M5HOsekGYn7GKVUfBGc,https://api.spotify.com/v1/audio-analysis/0k5M5HOsekGYn7GKVUfBGc,177467,4
0.675,0.54,8,-6.26,0,0.0382,0.632,0.0000619,0.176,0.41,89.014,audio_features,3AsxPFJbPVU3wUnPrDLn4s,spotify:track:3AsxPFJbPVU3wUnPrDLn4s,https://api.spotify.com/v1/tracks/3AsxPFJbPVU3wUnPrDLn4s,https://api.spotify.com/v1/audio-analysis/3AsxPFJbPVU3wUnPrDLn4s,204400,4
0.734,0.541,7,-8.86,1,0.131,0.454,0.000851,0.132,0.501,140.044,audio_features,0ulct3cASnhGvaGhFIuIyZ,spotify:track:0ulct3cASnhGvaGhFIuIyZ,https://api.spotify.com/v1/tracks/0ulct3cASnhGvaGhFIuIyZ,https://api.spotify.com/v1/audio-analysis/0ulct3cASnhGvaGhFIuIyZ,248738,4
0.814,0.904,1,-1.951,1,0.0553,0.018,0.000124,0.0647,0.491,105.029,audio_features,6yViG0VPb3CCDIOwzAAzhq,spotify:track:6yViG0VPb3CCDIOwzAAzhq,https://api.spotify.com/v1/tracks/6yViG0VPb3CCDIOwzAAzhq,https://api.spotify.com/v1/audio-analysis/6yViG0VPb3CCDIOwzAAzhq,224400,4
0.799,0.685,7,-4.672,1,0.18,0.118,0,0.491,0.357,97.962,audio_features,3UXrGL6fSOpHRE0SoyX6ez,spotify:track:3UXrGL6fSOpHRE0SoyX6ez,https://api.spotify.com/v1/tracks/3UXrGL6fSOpHRE0SoyX6ez,https://api.spotify.com/v1/audio-analysis/3UXrGL6fSOpHRE0SoyX6ez,210053,4
0.773,0.28,8,-12.355,0,0.0694,0.964,0.0128,0.131,0.372,93.521,audio_features,1nIKpbGBEPidzXgWrdnh1H,spotify:track:1nIKpbGBEPidzXgWrdnh1H,https://api.spotify.com/v1/tracks/1nIKpbGBEPidzXgWrdnh1H,https://api.spotify.com/v1/audio-analysis/1nIKpbGBEPidzXgWrdnh1H,215627,4
0.759,0.732,1,-5.546,1,0.118,0.000142,0.0016,0.0626,0.379,140.005,audio_features,0XOMoQbYxYPVLxwK4VDmNA,spotify:track:0XOMoQbYxYPVLxwK4VDmNA,https://api.spotify.com/v1/tracks/0XOMoQbYxYPVLxwK4VDmNA,https://api.spotify.com/v1/audio-analysis/0XOMoQbYxYPVLxwK4VDmNA,169187,4
0.746,0.793,7,-6.12,1,0.0791,0.0018,0.0572,0.262,0.392,100.046,audio_features,2XOBCQRuNNeOt6HnHV12x2,spotify:track:2XOBCQRuNNeOt6HnHV12x2,https://api.spotify.com/v1/tracks/2XOBCQRuNNeOt6HnHV12x2,https://api.spotify.com/v1/audio-analysis/2XOBCQRuNNeOt6HnHV12x2,180227,4
0.231,0.758,9,-6.535,0,0.0594,0.326,0.000535,0.106,0.185,165.705,audio_features,39quck8Ns0AgGSpWZBsJ4M,spotify:track:39quck8Ns0AgGSpWZBsJ4M,https://api.spotify.com/v1/tracks/39quck8Ns0AgGSpWZBsJ4M,https://api.spotify.com/v1/audio-analysis/39quck8Ns0AgGSpWZBsJ4M,1526547,4
0.626,0.838,9,-3.88,0,0.281,0.227,0,0.202,0.784,94.207,audio_features,3rt0G9i8LVEWyJyTPyl5pV,spotify:track:3rt0G9i8LVEWyJyTPyl5pV,https://api.spotify.com/v1/tracks/3rt0G9i8LVEWyJyTPyl5pV,https://api.spotify.com/v1/audio-analysis/3rt0G9i8LVEWyJyTPyl5pV,181634,4
0.637,0.921,4,-2.004,0,0.276,0.186,0,0.0819,0.91,94.057,audio_features,5QguCySD3HC1yB22ejFjAz,spotify:track:5QguCySD3HC1yB22ejFjAz,https://api.spotify.com/v1/tracks/5QguCySD3HC1yB22ejFjAz,https://api.spotify.com/v1/audio-analysis/5QguCySD3HC1yB22ejFjAz,229253,4
0.796,0.467,11,-6.293,1,0.34,0.202,0.0000332,0.206,0.4,179.974,audio_features,7jKUnzzOGhAlPjr7LkIUlE,spotify:track:7jKUnzzOGhAlPjr7LkIUlE,https://api.spotify.com/v1/tracks/7jKUnzzOGhAlPjr7LkIUlE,https://api.spotify.com/v1/audio-analysis/7jKUnzzOGhAlPjr7LkIUlE,173760,3
0.824,0.492,10,-6.328,0,0.128,0.143,0.00179,0.0694,0.864,89.962,audio_features,2jB4X5P7fMfpG3Nj8jrgCG,spotify:track:2jB4X5P7fMfpG3Nj8jrgCG,https://api.spotify.com/v1/tracks/2jB4X5P7fMfpG3Nj8jrgCG,https://api.spotify.com/v1/audio-analysis/2jB4X5P7fMfpG3Nj8jrgCG,265800,4
0.953,0.554,0,-5.12,1,0.076,0.616,0.000869,0.106,0.457,101.011,audio_features,41uX0L4bro4KfKtDIIEFFe,spotify:track:41uX0L4bro4KfKtDIIEFFe,https://api.spotify.com/v1/tracks/41uX0L4bro4KfKtDIIEFFe,https://api.spotify.com/v1/audio-analysis/41uX0L4bro4KfKtDIIEFFe,171107,4
