"track_id","track_artist","track_name","danceability","energy","loudness","mode","speechiness","acousticness","instrumentalness","liveness","valence","tempo","duration_ms","time_signature"
"2aNGaSTJcM4XszZlkeC46n","Elvin Bishop","Come On in This House (feat. Homemade Jamz Band)","0.506","0.588","-8.995",1,"0.0306","0.0185","0.0000166","0.0589","0.362","103.069",219947,4
"2rPjWpn76p5oK7MOW4KvTh","Atmosphere","Your Name Here","0.804","0.458","-5.997",1,"0.0302","0.162","0.00000258","0.0964","0.158","87.016",217293,4
"50PvjebDhu2VQ84VxYjvVI","Ben Folds","Selfless, Cold and Composed (feat. The Sacramento State Jazz Singers) - University A Cappella Version","0.419","0.529","-8.677",1,"0.044","0.653","0.00000144","0.124","0.32","82.564",383507,4
"0mnxmqbLPurbEtNt22BrKE","Jason Robert Brown","Someone Else's Clothes","0.637","0.697","-5.543",1,"0.0912","0.297","0","0.0888","0.554","90.096",330000,4
"5Qyeh1HqfGKJFLFMugpcgv","Firewater","Diamonds and Gold","0.749","0.355","-10.861",0,"0.0347","0.381","0.000329","0.0854","0.542","128.362",232733,4
"44JCg1QvEQkWqmdtRaZnUa","The Reign of Kindo","City Lights & Traffic Sounds","0.568","0.672","-9.177",0,"0.0303","0.463","0.00367","0.354","0.329","102.899",235853,4
"5cxBXZslPlWsIfQ8Pwf7Qr","Chad Smith's Bombastic Meatbats","Greasy Louise","0.524","0.677","-8.909",1,"0.0358","0.00857","0.78","0.476","0.497","102.86",244420,4
"3EwGjMi96oleNxtlXXoonW","Truckfighters","Atomic","0.404","0.759","-6.309",0,"0.0597","0.0607","0.511","0.176","0.797","82.371",308147,4
"7wgrVZNufwBsiLb12VjdWv","KMFDM","Krank","0.542","0.847","-7.37",0,"0.0343","0.0000136","0.791","0.126","0.241","129.975",309693,4
"0hgBLkZoVasP6l2w3nWbiI","Haferflocken Swingers","Old Yella","0.658","0.637","-5.726",0,"0.0703","0.253","0.0000203","0.649","0.736","109.347",248800,4
"5V2bdNuCVbGJG8ztqJQb1r","Movits!","40 Bars","0.658","0.699","-4.856",1,"0.324","0.259","0","0.353","0.792","66.564",93853,5
"3Fm514En3RXInsGJBgqvQc","Jerobeam","Folsom Prison Blues","0.691","0.748","-8.1",0,"0.0385","0.017","0.0116","0.0885","0.968","92.202",240627,4
"2wahCAgkjS1zAnzaZy1cIs","The Clients Funk Society","Wonderbrass","0.783","0.754","-8.286",0,"0.0379","0.0198","0.397","0.0249","0.651","123.396",206387,4
"6MP1nXFLIBUAsHDRGWlhOv","Defunkt","Knuckle Sandwich","0.82","0.727","-9.925",0,"0.0637","0.0492","0.00218","0.297","0.861","119.678",247333,4
"7xqUrcModMRC4M6wpvYLRh","Fred Wesley & The Horny Horns Featuring Maceo Parker","A Blow For Me, A Toot To You","0.839","0.618","-8.868",0,"0.29","0.178","0.181","0.0819","0.961","85.409",435333,4
"3s0cHTqkHRe335M1C0uKPs","Breakestra","Lowdown Stank","0.686","0.963","-3.211",1,"0.0426","0.162","0.0663","0.0585","0.928","101.899",401427,4
"048sDFIhE2CzXGY5sF5o1t","The Flower Kings","Drivers Seat","0.306","0.732","-9.07",1,"0.0734","0.00332","0.000429","0.0969","0.212","139.964",1100920,4
"3vPZNhkkhAupLlC9v3SrBj","The Raconteurs","Blue Veins","0.356","0.434","-9.361",0,"0.0454","0.193","0.00565","0.134","0.0796","130.698",232493,3
"4QQU3p0Me4SdxfayEOU66N","Firebird","Steamroller","0.264","0.902","-5.109",0,"0.124","0.00253","0.0398","0.186","0.432","83.595",305907,4
"1k7o67gk8hle7UfwC4t7bo","Tyler Bryant & the Shakedown","Downtown Tonight","0.445","0.698","-5.74",1,"0.0307","0.421","0.0331","0.107","0.521","174.709",247600,4
"76o1OKnYwarhColk6NQZYX","Quaker City Night Hawks","Cold Blues","0.539","0.674","-6.838",1,"0.0268","0.0468","0.0235","0.11","0.766","139.075",217533,4
"3l5onnbzAUvv7sPGyzIvyf","Albert King","I'll Be Doggone","0.525","0.577","-8.733",1,"0.203","0.417","0.0000109","0.175","0.821","169.264",341307,4
"38KkuEgkcdrxOIbqijawtU","Opeth","Hessian Peel","0.37","0.731","-8.061",1,"0.0527","0.00503","0.509","0.106","0.0934","123.602",685800,4
"3UwTk1QEuAdfwptvm9BDYF","Bronk","Bomp","0.616","0.683","-7.641",1,"0.0588","0.0236","0.666","0.114","0.802","180.176",198653,4
"1VeQHMy01OoHh5sjEZdvOo","Kurt Elling","In The Winelight","0.695","0.301","-14.586",1,"0.0397","0.432","0.00000802","0.0884","0.168","83.47",400933,4
"1QFd5qx4LaFkBlz1S9TmSd","East Of The Wall","Precious Memories","0.415","0.989","-5.895",0,"0.121","0.0000161","0.936","0.195","0.209","163.967",304280,4
"0MF90HVWjjt5Q7iHFESdB6","Cire","Thrown","0.393","0.756","-6.433",0,"0.0526","0.0397","0.0134","0.154","0.491","106.405",391427,3
"1xNzAKZ1ZKS6s3P8IWnmru","Gare Du Nord","Ride On (feat. Paul Carrack) - Blue Note Version","0.766","0.421","-9.791",1,"0.0256","0.633","0.00000329","0.114","0.718","90.012",225120,4
"2NcgPWSQJgXwR6IjiHwXq0","Quincy Jones","Evening In Paris","0.511","0.162","-12.443",0,"0.0436","0.969","0.178","0.129","0.199","114.861",248093,4
"7AX7qVqFljHOJC3FIQ8a6t","ZZ Top","Just Got Back From Baby's","0.611","0.337","-11.391",1,"0.0597","0.544","0.23","0.377","0.734","84.545",250120,4
"0uAgK4A9KQXBTWS4gWZkFb","Olu Dara","Bubber (If Only)","0.751","0.104","-18.188",1,"0.0681","0.0787","0.637","0.565","0.322","67.125",184093,4
"0wNUTleNAhiAFPghCxLt27","Average White Band","School Boy Crush","0.581","0.588","-7.469",1,"0.0555","0.0928","0.0141","0.0852","0.815","171.645",300837,4
"0QzksDNvDDLJ6QUbyxJa78","George Duke","Creepin'","0.781","0.458","-9.963",1,"0.0414","0.236","0.0936","0.183","0.392","90.053",290813,4
"4L6qiLkQUwDBsKLHRAc5tY","Commodores","Fancy Dancer","0.785","0.737","-6.445",0,"0.0784","0.222","0","0.111","0.892","99.888",263160,4
"210g0ApTMDQvGFTWSnioAA","Commodores","Easy","0.572","0.565","-7.695",0,"0.0292","0.167","0.0000564","0.116","0.306","132.25",256547,4
"204s2mNS8YwDENS7s36TvV","Reel People","In the Sun (feat. Angela Johnson)","0.746","0.929","-4.767",0,"0.0591","0.0814","0.000535","0.141","0.742","124.008",366840,4
"6gfwGOQwmNn038QYQPMqbJ","Minus the Bear","Steel and Blood","0.573","0.821","-5.787",1,"0.0325","0.0119","0","0.19","0.664","123.065",229053,4
"1z7J6x72KMwYNA0GR0uFoz","James Cotton","Fever","0.766","0.467","-13.456",1,"0.366","0.371","0","0.268","0.704","116.954",312760,4
"5gIbHo4j5oxk17ccmcIb1C","Mike Stern","Showbiz","0.739","0.622","-9.364",1,"0.031","0.0524","0.849","0.0484","0.828","108.394",345107,4
"1ecVquoBrGbxoAKpVBKNLX","Tentet Au Carre","Turn Your Love Around","0.754","0.618","-7.065",1,"0.0579","0.316","0.00112","0.154","0.673","100.062",486013,4
"4odjKrQcVe12RiUom35uvY","Blue Six","Close To Home","0.919","0.569","-9.481",0,"0.0889","0.0455","0.0916","0.108","0.906","123.027",261667,4
"1WpBk2uN8eXXb2pdkbOb9D","Steely Dan","Black Cow","0.489","0.335","-14.566",1,"0.0706","0.211","0.00543","0.0508","0.553","189.688",310200,4
"66A8zXf4BmRtk7mYAcQjDZ","Ben Folds","Break Up At Food Court - Demo - 2000","0.656","0.653","-7.214",1,"0.0252","0.292","0.00218","0.152","0.909","90.549",170373,4
"0HxSlUXHp8KJ3ZqrCTyfB4","Hamadryad","Funk-a-trunk","0.237","0.865","-5.908",1,"0.0637","0.000407","0.00926","0.112","0.479","83.967",536027,4
"6PqvBPholDH0mgDVvuaHAM","Cameo","Single Life","0.767","0.764","-8.342",1,"0.0582","0.14","0.000262","0.264","0.814","110.607",267853,4
"32UJmZRXTufLI1X9r28pix","Missy Elliott","Can't Stop","0.57","0.76","-4.206",1,"0.0908","0.00349","0","0.0846","0.301","129.403",229067,5
"0UaMYEvWZi0ZqiDOoHU3YI","Missy Elliott","Lose Control (feat. Ciara & Fat Man Scoop)","0.904","0.813","-7.105",0,"0.121","0.0311","0.00697","0.0471","0.81","125.461",226864,4
"7aJouq94UPaX7yVXd2MQ4k","Missy Elliott","On & On","0.629","0.881","-4.931",1,"0.508","0.453","0","0.125","0.554","95.685",285760,4
"0Z8taEEMbqDMV0eNmD1ypH","Missy Elliott","Mommy - With Mommy Interlude","0.718","0.504","-6.825",0,"0.393","0.0521","0.000388","0.274","0.148","145.962",188213,5
"3yei0S35YFOEBOiKN287MW","Missy Elliott","Ragtime Interlude / I'm Really Hot","0.879","0.644","-8.595",1,"0.201","0.345","0.0000037","0.272","0.856","114.002",210707,4
"7Ftjiy0DqA8uxdGoeTwUwT","Missy Elliott","Let It Bump","0.946","0.538","-7.948",1,"0.33","0.398","0.00131","0.0581","0.829","108.142",169867,4
"5oShTWuRJ6VhyTHMB4Jemn","Missy Elliott","Pump It Up (feat. Nelly)","0.805","0.802","-6.296",1,"0.277","0.1","0","0.322","0.617","105.883",185427,4
"1XChByT5F5hF7z8RcjI4jw","Joe Bonamassa","Story Of A Quarryman","0.395","0.799","-5.945",1,"0.09","0.113","0.00354","0.161","0.444","143.905",298107,4
"7GtOmFf7nUB2XjjruNXI5c","That Handsome Devil","Standing Room In Heaven","0.471","0.618","-8.607",0,"0.0598","0.142","0.0156","0.246","0.313","139.904",330533,4
"4IKCDQZYBcomasI1CmjhWA","Two Ton Shoe","Brothers","0.587","0.944","-7.325",1,"0.032","0.00798","0","0.171","0.64","102.562",227000,4
"1HLCST1CymksfSPyzTnee5","Movits!","På drift, Norrbotten (ft. Olle Nyman)","0.468","0.764","-5.024",1,"0.327","0.397","0.00000917","0.145","0.817","88.842",318267,4
"2AaK69jzFnoC3tlPogdYsW","Dr Rubberfunk","Trouble Woman (feat. Roachford)","0.489","0.857","-5.587",0,"0.125","0.159","0.000254","0.0832","0.931","83.474",213173,4
"12TMWX4lPRjEsykfqL6Xsz","The Reverend Peyton's Big Damn Band","Devils Look Like Angels","0.674","0.793","-4.271",0,"0.0256","0.0263","0.828","0.1","0.737","91.005",165853,4
"5C1FrXg3jpHH96FnQjaaqz","Peter Green Splinter Group","Burglar","0.804","0.49","-9.678",1,"0.0316","0.582","0.0512","0.118","0.642","96.028",355400,4
"6P6PwoZNACtrkTsIZV8XS8","Tedeschi Trucks Band","Bound for Glory","0.483","0.573","-8.85",1,"0.0376","0.329","0.00284","0.0865","0.512","90.742",328853,4
"6qvdtFDBAvjQSbww7VHHZD","Tedeschi Trucks Band","Learn How to Love","0.46","0.588","-8.295",1,"0.0361","0.0111","0.0054","0.294","0.448","143.163",263253,4
"2pYP1kwHKQCFvalyYcxntX","The Union","Blame It On Tupelo","0.344","0.777","-8.418",1,"0.0352","0.00603","0.0000964","0.0504","0.329","171.792",294600,4
"15fPBJeBFHlcAyQlK1wj72","Wallpaper.","Hesher","0.759","0.81","-4.082",1,"0.404","0.109","0.0000254","0.107","0.822","149.972",188227,4
"0J69nBmUBmzHXSDBTdgq2M","Róisín Murphy","Checkin' on Me","0.858","0.603","-5.659",1,"0.112","0.011","0.000229","0.0719","0.496","105.051",279253,4
"1X799qUZe38MBtK8tBhXLf","That Handsome Devil","Reagan's Kids","0.265","0.798","-7.109",0,"0.152","0.353","0.0000381","0.0849","0.255","168.323",214920,3
"06XyoB6sULL2ii10z99VEo","That Handsome Devil","Inside You","0.546","0.769","-5.651",0,"0.028","0.0185","0","0.104","0.646","95.021",199093,3
"4dwJtZrlX1or2kZpIvdgy7","Two Ton Shoe","Troopy's Blues","0.629","0.941","-4.641",0,"0.102","0.00644","0.00031","0.121","0.729","107.861",239880,4
"1eAuKC9uTVIFOtqPMpqru1","Son Seals","The Woman I Love","0.348","0.493","-10.957",1,"0.0406","0.088","0.000627","0.417","0.638","170.295",429907,3
"2eCisU4QtPRHUaFj7ZcB98","Rishloo","El Empe","0.276","0.524","-6.185",1,"0.0335","0.000543","0.0000147","0.0995","0.11","123.231",217400,4
"287k1tGKimVIg5dO5ko18W","The Juke Joint Pimps","Money Honey","0.493","0.67","-3.293",0,"0.0519","0.428","0.707","0.109","0.808","74.685",167080,4
"4QwO7XkVQTNwyzAE7GaZH0","Nelsen Adelard","Big Mamou","0.605","0.522","-11.944",0,"0.148","0.235","0.00142","0.0559","0.877","152.089",162773,4
"7fVlgvCVBYdHWRisXWsdrI","Nelsen Adelard","Blues All Night","0.464","0.298","-13.65",0,"0.0589","0.286","0.000426","0.127","0.198","182.771",336453,3
"2bulK0SYgb1PFk4bX84CzX","Bloody Diamonds","Crack","0.26","0.726","-6.751",1,"0.041","0.0000835","0.00263","0.499","0.394","62.06",193053,4
"0CBvJnDhAUsvn40StOjF98","Bloody Diamonds","They've Got Secrets","0.279","0.441","-7.74",1,"0.0293","0.00459","0.00907","0.115","0.339","169.226",308427,3
"5Y8FSZJIo74U6lXvTEmYhq","The Band Of Heathens","Golden Calf","0.703","0.403","-9.263",1,"0.067","0.344","0.00000108","0.0845","0.271","110.319",182480,4
"3CVX6ZRd0dqjiMQDuF7uBt","Rishloo","Systematomatic","0.335","0.869","-5.89",0,"0.0893","0.0796","0.00445","0.118","0.24","85.266",221613,4
"6IQkTOujklX4Iv9BsyVFMJ","Christopher O'Riley","Oh Well, Okay","0.39","0.068","-25.007",0,"0.0786","0.995","0.88","0.0859","0.0438","76.572",186080,4
"5FiSo7E1IvpBeowZxMk9UI","Brad Mehldau","River Man","0.436","0.162","-22.068",1,"0.0322","0.831","0.895","0.0628","0.199","117.194",288800,5
"3mKfQpeNak4hjDbrPWU0tE","Black Joe Lewis & The Honeybears","Messin'","0.698","0.736","-6.819",1,"0.201","0.62","0.122","0.0888","0.2","90.717",145893,4
"0DnI82S0WYzYfY4IJUJKDr","The Safety Fire","Beware The Leopard (Jagwar)","0.423","0.969","-5.189",0,"0.101","0.000117","0.00128","0.855","0.442","165.022",291653,3
"1ONC00cKNdFgKiATMtcxEc","That Handsome Devil","Charlie's Inferno","0.725","0.898","-5.204",0,"0.0908","0.341","0.00000982","0.281","0.97","145.985",224853,4
"764hr2cwVvLZLb9C5Jusai","That Handsome Devil","Kiss The Cook","0.551","0.444","-8.616",1,"0.042","0.639","0.00000888","0.22","0.191","123.183",203813,4
"3Tm9VO0vE4u9EaSkUT3KMr","Nick Drake","River Man","0.335","0.18","-12.27",1,"0.0337","0.909","0.00383","0.112","0.119","116.376",247320,5
"3ZLzAyB6QMSeVT57IWodX5","George Duke","Funkin' for the Thrill","0.733","0.783","-10.369",0,"0.0867","0.0255","0.00391","0.0393","0.907","124.938",242480,4
"1NfXNZmub2Gdh3kF8EU1j1","Michael Burks","Strange Feeling","0.212","0.834","-3.923",1,"0.0482","0.061","0.0996","0.215","0.565","183.27",270040,4
"0ZDJHu0rq4py2ycW7x3Shy","Thomas Dolby","May The Cube Be With You","0.808","0.587","-13.279",0,"0.0436","0.0326","0.00672","0.271","0.907","103.019",229760,4
"7hQyg9fdiPHaSgraG1AfHp","Johnny Winter","Rock Me Baby","0.478","0.772","-8.796",1,"0.0549","0.27","0.0901","0.203","0.639","95.448",230133,4
"0BLyr2LI3CJACYcP6xbFMY","Trombone Shorty","Long Weekend","0.737","0.746","-5.355",1,"0.0382","0.0134","0.0166","0.0668","0.717","105.964",247533,4
"7tbghM1YOdyyo1p4eKyH2F","Bonerama","Funky Brown Shorts","0.666","0.523","-6.005",0,"0.0484","0.0474","0.212","0.0794","0.541","87.017",284053,4
"0ZkkO456qIrAH9cr9DcPlW","Haken","Atlas Stone","0.45","0.896","-5.869",1,"0.0455","0.00435","0.00124","0.145","0.34","105.082",453867,3
"05CGrCiTaAhoP3PTpB46Ct","Gretchen Parlato","I Can't Help It","0.784","0.293","-16.272",1,"0.106","0.909","0.00144","0.0968","0.641","103.093",291213,4
"4gzIyTFiqFIFklobGLPT91","Lettuce","Sam Huff's Flying Ragin' Machine","0.811","0.902","-6.063",1,"0.0815","0.0401","0.799","0.0393","0.797","120.002",204040,4
"2JzYEQGtJwYDR3zry7cZ9F","Tech N9ne","Jellysickle","0.859","0.706","-3.437",1,"0.259","0.144","0","0.12","0.417","82.491",216680,4
"5eWQXCRyrDp3DcQLcxgwXe","T.I.","Popped Off (feat. Dr. Dre)","0.605","0.873","-5.109",0,"0.219","0.0242","0","0.0579","0.568","95.055",224053,4
"09h6LveFx6scJ98XCboxRl","Solillaquists of Sound","As If We Existed","0.676","0.556","-11.783",0,"0.0803","0.272","0.0324","0.486","0.569","166.019",225400,3
"3BXaIWfT7VScHZsPUc0JCK","Supastition","Fountain Of Youth","0.623","0.688","-8.443",0,"0.329","0.248","0","0.366","0.682","89.646",209413,4
"2Hcw0eAHFrffTwk7wdVhbJ","Saigon","Clap (feat. Faith Evans)","0.368","0.921","-4.933",0,"0.424","0.0143","0.0000417","0.514","0.469","181.701",390013,4
"7vJcRktY04NTgjcP6b8MLq","Pharoahe Monch","Still Standing","0.353","0.67","-8.115",0,"0.105","0.221","0","0.0462","0.108","92.22",317720,4
"2IibRw5TZio67i32At3uNj","Brother Ali","You Say (Puppy Love)","0.566","0.536","-6.232",0,"0.168","0.224","0.00000202","0.0636","0.44","83.387",257200,4
"6JRn0YHhCO34oZsqaQoMaa","Brother Ali","Breakin' Dawn","0.642","0.728","-7.075",1,"0.264","0.367","0.562","0.139","0.398","88.934",277893,4
"0zVObQaa58EsBZxEBN2Tlo","The Moleskins","Dazed & Confused","0.466","0.324","-13.182",0,"0.0975","0.499","0.00559","0.156","0.328","174.488",302306,3
"5HhQ6BXrtzhbOddOtorH5i","Pumpkin Head Ted","Dazed and Confused - Of Course","0.292","0.658","-5.783",1,"0.0305","0.113","0.00126","0.12","0.514","88.724",425973,3
"1mScOKklx8m8FvNcarYHOs","Rahsaan Roland Kirk","Ain't No Sunshine","0.289","0.371","-12.35",0,"0.0335","0.942","0.00713","0.175","0.544","181.102",148800,4
"2Gvp1R5x68yOsAnywBWMdi","Murs","Time Is Now (feat. Snoop Dogg)","0.745","0.796","-6.117",1,"0.202","0.0366","0","0.039","0.341","96.071",295168,4
"4Ljo0RjpKnMC3E7mWaWXia","Danny Grissett","Where Do We Go From Here?","0.357","0.506","-13.644",0,"0.0307","0.784","0.884","0.0947","0.615","132.901",360747,1
"5oxrRfCVaYkE7xkK3aobLB","Roy Buchanan","If Six Was Nine","0.676","0.618","-8.562",1,"0.131","0.0661","0.253","0.261","0.79","75.26",249400,4
"36Y4bI3yn16ZgNslzHc4nj","Yelawolf","Hard White (Up In The Club)","0.687","0.831","-4.492",0,"0.294","0.0117","0","0.204","0.181","100.667",203760,5
"0i4jeFkau63VWI1KogiwoK","Frank Viele & The Manhattan Project","Anticipation","0.64","0.89","-4.569",0,"0.095","0.211","0.00153","0.156","0.76","98.016",212960,4
"25G8NNFBnjXgWCGtyPa1Ax","Yelawolf","Pop The Trunk","0.913","0.666","-9.092",1,"0.132","0.129","0","0.109","0.118","120.153",228160,4
"2ihrJRUk2aFFTCqBD2rEAb","Joe Bagale","Call On Me","0.786","0.582","-6.815",1,"0.164","0.0388","0.0000111","0.343","0.799","152.813",196441,4
"7JaThYjfDDL79csAxuaFDt","Lyrics Born","Shake It Off (Bad Dreams Part II)","0.638","0.805","-7.171",0,"0.484","0.0307","0","0.358","0.717","162.679",267360,4
"5jwtAUdhUIUvqXBITInoEp","The Main Squeeze","Mixed Up","0.511","0.784","-5.046",1,"0.0938","0.0485","0.000184","0.0881","0.641","108.172",296667,4
"3NsH19RsdYXc0NPmFfjyE3","Living Legends","After Hours (Extended Euro Mix)","0.894","0.814","-4.114",0,"0.14","0.0467","0.0000103","0.0815","0.292","110.004",500013,4
"1vhK81vdWqWL1CijjRJONB","Gregory Porter","On My Way to Harlem","0.623","0.549","-10.644",1,"0.0409","0.518","0.00932","0.101","0.884","138.857",460493,4
"5bNzQ3byxW0L94UToNg6wV","Cold Blood","I Just Want To Make Love To You","0.441","0.49","-12.033",1,"0.0691","0.113","0.0118","0.131","0.654","94.644",312653,4
"4ptf7iQHFo4ttNAKxI9OOR","Kutiman","I Just Want To Make Love To You","0.488","0.569","-9.264",0,"0.0309","0.137","0.0249","0.128","0.254","73.996",365600,4
"5w5vw9cokQ9s8dHQmQqLX4","Lyrics Born","Bad Dreams","0.862","0.668","-5.308",1,"0.0718","0.11","0.00000459","0.0633","0.889","85.024",200387,4
"30d50iqspscgtULK3QcEpf","Spanker","Slow Down","0.856","0.873","-2.652",1,"0.0891","0.00174","0.899","0.118","0.22","99.984",249600,4
"1E4GNtOSpXfk6SkGxsjPix","Richard Swift","The End of an Age","0.461","0.389","-11.256",0,"0.0331","0.89","0.000397","0.0927","0.371","106.955",227560,3
"3s5Ja1eydXvkzJp0KAyMup","Pimps of Joytime","Janxta Funk!","0.771","0.807","-6.258",1,"0.058","0.0107","0.0135","0.568","0.707","98.003",256960,4
"14nBOVonNV00uftfB3vgZY","Big Sam's Funky Nation","Rage On!","0.612","0.841","-5.247",1,"0.102","0.00488","0.946","0.11","0.702","59.994",164107,4
"6JbQOnsi4qfEAiSWezWja5","Darondo","Get Up Off Your Butt","0.692","0.878","-8.725",1,"0.0554","0.155","0.111","0.222","0.568","113.508",376493,4
"5EJXKjUAcRtjNDphJ8erup","Shawn Lee's Ping Pong Orchestra","Let Me Blow Your Mind","0.882","0.684","-6.505",1,"0.0516","0.0187","0.0399","0.0458","0.752","90.061",231707,4
"4s6vI3p3KTnA2BS0z2JRF0","Eric Krasno","76","0.701","0.795","-8.861",1,"0.0678","0.547","0.797","0.415","0.776","109.966",274480,4
"09bDHWxnX2BjMPbj30PRQ4","Papa Grows Funk","Do U Want It?","0.814","0.852","-5.941",0,"0.0557","0.225","0.161","0.325","0.923","112.032",290040,4
"3BRSjAakIomNrlPADOlXaw","Orgone","Bacano","0.767","0.763","-8.421",0,"0.05","0.456","0.751","0.0721","0.964","113.822",208893,4
"36b0vU6pSA8jDoVconvqPq","Monophonics","$2.50","0.669","0.69","-6.463",1,"0.0429","0.122","0.893","0.0256","0.922","110.076",196333,4
"7IVrTH1BhaGa4aNDnd0P8k","Monophonics","Can't Leave It Alone","0.565","0.777","-4.05",1,"0.0629","0.044","0.0129","0.173","0.756","97.823",286267,4
"5OerOb9WFPvCnSEnx4cURM","The Staxx Brothers","Sugarwalls","0.412","0.514","-7.353",1,"0.0315","0.0187","0.0000141","0.27","0.585","90.457",266587,4
"4zXYBJsjTyRvtKvXhF5PjV","Mingo Fishtrap","Poison Ivy","0.738","0.883","-5.934",0,"0.144","0.271","0.0000225","0.134","0.83","109.438",276093,4
"7AXYiFfb0rcgbFm3aIiIHt","Nicholas Howard","My Hands Are Rough","0.901","0.762","-5.286",1,"0.113","0.421","0.0126","0.0141","0.789","107.748",215867,4
"7HWlYDP7sOOPLzvHW7lrvA","The Soul Of John Black","I Love It","0.701","0.516","-4.587",1,"0.0334","0.481","0.00000643","0.111","0.276","122.135",187413,4
"7d7fpLt0lyt1cVj15zW936","Umphrey's McGee","Nemo","0.706","0.647","-6.673",1,"0.0838","0.148","0.00000792","0.144","0.454","95.279",265279,4
"2RX8kOnJEVirXwP1FRgXBD","Nils Landgren Funk Unit","House Party","0.797","0.731","-6.852",1,"0.038","0.265","0.00245","0.067","0.893","104.193",305307,4
"7pYvZ1BtrOvqPngoDOgkbZ","Bitter:Sweet","Overdue - Blackbeard Remix","0.74","0.851","-6.811",0,"0.0611","0.00103","0.022","0.065","0.889","99.999",309093,4
"2zeFxpmncdZhzeuud3Xgdg","Bitter:Sweet","Overdue","0.637","0.744","-7.042",1,"0.0778","0.158","0.00407","0.268","0.689","175.864",214440,4
"4eBrqVKjRJooMVDUnxqyfm","Laura Mvula","That's Alright","0.706","0.595","-9.582",0,"0.0438","0.0295","0.00179","0.216","0.67","109.957",214187,4
"48wH8bAxvBJO2l14GmNLz7","Vulfpeck","Wait for the Moment","0.773","0.36","-9.722",1,"0.0955","0.501","0.00409","0.0823","0.681","79.207",230677,4
"1Rz3vHmjEz12i2dZHThe3s","Benoît Charest","Filature","0.715","0.408","-8.138",1,"0.0245","0.128","0.301","0.0962","0.663","89.977",170853,4
"2YwQLvPokhUJ5yOfWtRO7P","Hazmat Modine","The Tide","0.396","0.551","-10.707",0,"0.0551","0.458","0.373","0.115","0.588","181.557",350573,4
"2YEgYAXDL0YHvBBRicGTCj","Two Ton Shoe","Medicine","0.64","0.974","-5.773",0,"0.132","0.0611","0","0.0615","0.599","114.246",245773,4
"5EaWUQU9542uuuXXUAEzTW","Mike Finnigan","I Want to ta ta Ya Baby","0.483","0.598","-6.148",1,"0.0392","0.159","0.00000236","0.114","0.476","124.657",372933,4
"3DozQO9YETRTOxV6XT3dY3","Pierre Sibille","Smart Phone Blues","0.722","0.688","-5.278",1,"0.0703","0.301","0","0.43","0.754","87.806",202587,4
"3lJFo7hr6AgQhtB7q1jFK5","Supastition","Nowhere To Run Feat. Sycorax, Madwrecks","0.673","0.851","-5.516",0,"0.164","0.0136","0","0.218","0.843","85.675",240253,4
"61VxgC1I7byhugzTdM4AR0","Portland Cello Project","Dazed and Confused (feat. Laura Gibson & John Moen)","0.23","0.817","-5.21",0,"0.194","0.447","0.00137","0.0926","0.383","182.467",343733,4
"7HRMo1cEFxoInV9fWjkoqB","Adje","Hele Meneer","0.569","0.676","-6.41",0,"0.199","0.37","0","0.0994","0.396","94.639",163264,4
"2H4FQWFt4f6EY6zQhpIunW","Amp Fiddler","You Could Be Mine","0.833","0.606","-4.239",0,"0.0437","0.0652","0","0.0729","0.876","99.192",253880,4
"3yFpJho1CNOboe57GOte9M","Jazztronik","Caravan","0.418","0.647","-5.843",0,"0.0465","0.0597","0.522","0.107","0.582","99.764",332507,3
"6ky18aPUPqThPQJ15v38ZC","Clutch","Tight Like That","0.549","0.589","-6.631",0,"0.0969","0.516","0.0029","0.185","0.505","73.188",289827,4
"47W6YR93MPCGLEUReLMyDm","Jamiroquai","Virtual Insanity - Remastered","0.662","0.949","-4.758",1,"0.108","0.127","0","0.135","0.515","91.954",229360,4
"0JZjn9sGtDwfHHCsQ6s7Jm","Kingcrow","The Moth","0.491","0.75","-8.361",1,"0.037","0.00156","0.00266","0.403","0.617","84.919",262253,4
"3v6DcgLGFIiRJZ5f9GWAb3","Trials","Truth Defiled","0.396","0.992","-5.221",1,"0.126","0.00000831","0.0327","0.223","0.177","95.267",274089,4
"4GhBcTl9IGffZjZ2e0moqK","Galactic","From the Corner to the Block","0.725","0.774","-4.745",0,"0.153","0.0672","0.0035","0.0693","0.825","96.034",201000,4
"3ieivIBQTmCuhXiwAMCDlo","Escort","Caméleon Chameleon","0.818","0.757","-4.305",1,"0.0414","0.102","0.0127","0.171","0.877","112.013",326533,4
"637mDt2JwDlvUqa6WURqhQ","Dirt Poor Robins","Alibi","0.568","0.847","-3.356",0,"0.0565","0.0867","0.000671","0.106","0.53","122.865",291667,4
"5liaFrDdoINOvJ4B8WDPa1","Goapele","Romantic (feat. Soulive)","0.579","0.503","-8.599",0,"0.237","0.537","0.0000465","0.216","0.456","73.349",338453,4
"0lCzuPbNN69pTHyGr84CUD","Polarization","Damages","0.473","0.958","-5.842",1,"0.0518","0.0000389","0.931","0.0846","0.163","139.999",261965,4
"4MAbND60ugVoGlUzDQ7Z2r","Escort","All Through the Night","0.85","0.654","-6.084",0,"0.0823","0.0137","0.0231","0.099","0.933","122.023",258333,4
"1bWPK4pjH5eSkBiFAfNJPD","District 97","A Lottery","0.298","0.539","-13.524",1,"0.0465","0.0276","0.000393","0.224","0.263","81.083",342320,4
"0jET2Wl3JrzW2XCsFZza6i","Chris Botti","Good Morning Heartache","0.589","0.457","-8.893",1,"0.0601","0.847","0.0172","0.106","0.421","82.074",370333,4
"0Ep5Bk8h6SAIWmRmLd4Psq","Emptyself","The Way To Crash","0.704","0.385","-11.36",1,"0.0327","0.587","0.000075","0.138","0.271","104.981",254427,4
"6zSe7ZKNjb6Zl5AP78y5QN","Guru's Jazzmatazz","Plenty","0.804","0.403","-6.027",1,"0.41","0.161","0.00000201","0.533","0.611","82.646",278600,4
"34msPuWKiwgxvV4fBfxOwT","Soulive","Break Out","0.746","0.59","-9.81",1,"0.114","0.0138","0.465","0.361","0.618","88.876",270387,4
"6ELRpNKL041qtxxi6YnxZI","Soulive","One In Seven","0.721","0.69","-6.86",1,"0.0461","0.00786","0.766","0.116","0.579","120.59",317867,4
"0Zi1nMRG2LFvsLJa8LAcUA","Galactic","Dolla Diva (feat. David Shaw and Maggie Koerner)","0.66","0.783","-5.439",1,"0.0819","0.11","0.000987","0.0713","0.873","94.936",212680,4
"2ZzitfDmPR8SZ1gLNBaZBs","Lettuce","Sounds Like a Party","0.761","0.94","-4.305",1,"0.05","0.0167","0.381","0.706","0.716","104.044",211573,4
"0JZpLis59RbKAC1gz5bLZl","The Motet","Damn!","0.723","0.771","-6.155",0,"0.0672","0.184","0","0.295","0.943","108.026",299984,4
"369II3IdMkRi6tZ9kalEui","Martin Luther","Daily Bread","0.731","0.499","-4.146",0,"0.043","0.0576","0.0000285","0.649","0.777","82.001",270480,4
"0c6pRcSQxU5BvOMfVGiXSM","The Haggis Horns","It Ain't What You Got (feat. John Turrell)","0.675","0.88","-7.351",0,"0.0481","0.0746","0.0000277","0.0649","0.927","107.955",314800,4
"0SbvEJlshGh8hCYhxNVNEB","Osaka Monaurail","Endemism","0.652","0.716","-7.264",0,"0.0318","0.0346","0.86","0.0593","0.961","86.682",345400,4
"62OcNhoMT6msCLNfe9OZKO","Speedometer","La Nueva Manera featuring Snowboy","0.556","0.799","-6.829",0,"0.0435","0.00134","0.756","0.17","0.977","119.107",241253,4
"1F8FOSp9RZ2MciYto5V47P","Speedometer","Take Me On","0.761","0.821","-6.309",0,"0.0321","0.00873","0.00423","0.147","0.905","106.401",222107,4
"06u7kUlGBHE26tzB0vANF7","Diplomats of Solid Sound","Jealous","0.609","0.858","-5.019",0,"0.0494","0.0165","0.0812","0.0644","0.933","104.422",181240,4
"0W7Z9edIuagr1TmOTzNVMW","The Soul Snatchers","Little Love","0.797","0.791","-6.282",0,"0.108","0.242","0.000111","0.0694","0.962","78.01",278453,4
"3XdtfkqsjOEFwT1peCV8b9","Aesop Rock","Cook It Up (feat. P.F.A.C.)","0.782","0.724","-7.503",1,"0.408","0.505","0","0.639","0.764","82.089",225707,4
"0zxKXN0V3FhW2ltycon0dh","The Cold Stares","Friend of Mine","0.654","0.785","-4.165",1,"0.0396","0.0185","0.0000593","0.059","0.688","176.037",161813,4
"4eMxLQtSdgxdA1Hs6D2YuN","The Dead South","In Hell I'll Be in Good Company","0.772","0.235","-9.075",0,"0.0479","0.753","0.00125","0.111","0.703","154.802",245320,4
"5voIoFpbuy0frbhBzqenqC","Chris Thile","Scarlet Town","0.618","0.172","-15.342",1,"0.0518","0.969","0.0321","0.079","0.462","152.435",363107,4
"3j5V7IBvCa6P6JhZnCjT7F","Tricky","The Only Way","0.656","0.421","-8.528",1,"0.0291","0.248","0.775","0.1","0.1","120.012",291040,4
"2T3WJZLfknGj7ihx24Ody3","T-SQUARE","DROPS OF HAPPINESS","0.483","0.66","-9.783",0,"0.0388","0.164","0.918","0.0967","0.717","190.186",270467,3
"1HRfk33rb6Td8NqQsZ2wC8","Bliss n Eso","Tear The Roof Off (feat. Watsky)","0.736","0.89","-5.07",0,"0.249","0.161","0","0.166","0.679","142.101",206244,4
"5PqdGrQr36yD6luUNJg3up","The Greyboy Allstars","Multiplier","0.597","0.909","-7.36",0,"0.0482","0.00361","0.698","0.251","0.86","107.88",275933,4
"6Q90anzFub9ZhzmhLLwuZA","Fatback Band","Gotta Get My Hands On Some (Money)","0.802","0.818","-7.922",1,"0.13","0.238","0.376","0.152","0.73","118.779",226107,4
"7b3ceiH1Cy03cR0GtlqgHV","Trombone Shorty","Tripped Out Slim","0.758","0.792","-5.59",1,"0.079","0.133","0.0138","0.0245","0.666","115.752",139105,4
"0HCLvzjx8mkL7OAvRg9osD","Mauro Ottolini 8Funk Project","Phat Not Flat","0.636","0.679","-10.871",0,"0.111","0.207","0.000105","0.176","0.561","98.971",335280,4
"4O0XfFuNoOGaHCqzelMylQ","Moonchild","Don't Wake Me","0.626","0.361","-12.054",1,"0.19","0.605","0.059","0.0714","0.724","83.501",284987,4
"2y6rfQMvcFhJSiOMDqgqI2","Steve Aoki","How Else (feat. Rich The Kid & ILoveMakonnen)","0.798","0.834","-1.833",1,"0.0371","0.00323","0.0000808","0.151","0.728","149.984",172800,4
"1kId8o2NIHcg8bmqmuIg1w","Ordinance","Repress","0.612","0.97","-4.362",1,"0.0613","0.00557","0.000251","0.32","0.333","117.517",271625,4
"6o69IdDbK3CSUUQfXlX2CN","Spheron","The Blind Watchmaker","0.269","0.995","-3.656",0,"0.165","0.00227","0.719","0.0517","0.131","112.398",417613,4
"60IZhkTMKK41UKgIcHY4ns","Owane","Fashion","0.326","0.649","-11.612",1,"0.0514","0.041","0.868","0.106","0.337","149.751",231475,4
"39uUVImdhfZmDdbq4xectp","The Blackwater Fever","Don't Fuck With Joe","0.392","0.708","-6.82",1,"0.0588","0.0415","0.000464","0.256","0.483","157.414",204550,4
"6sHU7JZXvhLt4HXRSKuHic","Stone Machine","Southern Outlaw","0.4","0.75","-4.563",0,"0.0448","0.109","0","0.197","0.822","170.258",165640,4
"7k5xsLopn4tgTYsXXuSaEg","Tub Ring","Proper Funds","0.79","0.617","-4.744",1,"0.0623","0.0503","0.0032","0.0923","0.532","83.974",92857,4
"7wlcweEsneQgizqNOrUqJE","Hiatus Kaiyote","Shaolin Monk Motherfunk","0.415","0.463","-9.86",0,"0.0823","0.134","0.00255","0.101","0.573","96.1",350533,4
"4DNJDt8cxCSLT81rjlD6h4","The Cold Stares","One Way Outta Here","0.525","0.854","-6.294",1,"0.0654","0.0102","0.000275","0.346","0.469","82.973",226600,4
"1scrlKynvXpAbnZ2r7GU1c","Iamthemorning","Chalk and Coal","0.429","0.464","-15.138",0,"0.043","0.535","0.0543","0.139","0.0408","127.025",297059,4
"5JpOCHGH1Wq1RFSLJteufN","Chromeo","Over Your Shoulder","0.784","0.653","-6.338",0,"0.0404","0.322","0.00028","0.163","0.905","114.002",272147,4
"4T1168WOWj7Ch7DbbNEFp7","King Gizzard & The Lizard Wizard","Crumbling Castle","0.348","0.738","-7.221",0,"0.0447","0.136","0.0327","0.0689","0.593","99.771",644256,3
"13mDG8jaeiaquPfyxYhjxF","The Cool Kids","Sour Apples","0.742","0.721","-8.149",0,"0.211","0.18","0","0.0521","0.492","104.087",153493,4
"1vdgTDW98RoUCUEg9Qx0O1","That Handsome Devil","Stockholm Syndrome","0.738","0.716","-6.422",0,"0.0527","0.00245","0.0313","0.0279","0.829","100.094",165840,4
"3D73qlO3Nkoj7H3mr54ron","Mojo Nixon","Prinoner of the Tiki Room","0.494","0.381","-7.21",1,"0.046","0.776","0.00118","0.0728","0.529","103.58",151532,4
"48td6xvpokdYwvbl3JIiXP","Michael Jackson","Love Never Felt so Good","0.775","0.719","-6.212",0,"0.0435","0.132","0.00000179","0.0662","0.712","117.513",246027,4
"1SHK388zuZzBCiUP5KOiAe","Federal Charm","Master Plan","0.314","0.883","-3.67",1,"0.0459","0.000601","0.00028","0.275","0.564","80.484",196016,4
"6LaEaOwWkvP8DWa7S3yXkC","Arch Echo","Afterburger","0.366","0.989","-3.378",1,"0.176","0.00036","0.863","0.143","0.235","166.911",309947,4
"5KbQA1Nx5MDQlqeX1yg3ae","Derek Frank","Breakout","0.656","0.944","-5.048",1,"0.0482","0.114","0.241","0.107","0.699","130.099",306573,4
"0mcO5BXKTvLug9sjHqQodZ","Big Sam's Funky Nation","T.M.P.","0.538","0.894","-9.212",1,"0.0492","0.0321","0.879","0.129","0.756","121.56",263147,4
"14IwWPbLxITWFEJRvGnFi1","Soil & ""Pimp"" Sessions","By Your Side","0.73","0.683","-9.067",0,"0.225","0.722","0.00477","0.034","0.85","93.929",279600,4
"28koESEoRVuT0dKEp9UEnw","Jazztronik","Spotlight","0.56","0.794","-4.647",1,"0.327","0.43","0.00000513","0.0337","0.854","187.629",252560,4
"0O21ezSaL48lYRUsnT3WJ0","H ZETTRIO","Have a Nice Day!","0.632","0.508","-9.101",1,"0.0916","0.657","0.715","0.333","0.603","101.459",263960,4
"2fAECghmrOUoo7rwLZVqrN","Addison Groove Project","Turning Points","0.55","0.804","-4.305",0,"0.0401","0.206","0.217","0.0603","0.79","112.461",393480,4
"5PtCTa4Br6JKUUUikVRam3","Grieves","Postcards","0.658","0.756","-6.788",0,"0.263","0.0335","0.00016","0.254","0.607","148.104",228227,4
"1FL09Ba2cWrKiqEpTUiOHL","Gentleman's Pistols","Time Wasters","0.359","0.894","-6.248",0,"0.212","0.000124","0.166","0.157","0.684","85.165",349340,4
"78qpAvQJ05dgqke1lX63PP","Seyo","Is Okay","0.793","0.871","-6.235",1,"0.0667","0.108","0.000229","0.147","0.656","143.988",196046,4
"6nO0XhSYtZ4wqJt5J5TpCO","Fabich","What I Wanted (feat. Moli)","0.82","0.705","-6.068",0,"0.417","0.191","0","0.2","0.586","127.079",152599,4
"4JXXyXK12F0LGuYyxI1DGv","Leon Bridges","Bet Ain't Worth the Hand","0.546","0.539","-5.588",1,"0.0346","0.777","0","0.124","0.286","119.637",185893,4
"5EpVXKDlmJP9y5BSBwLqtZ","Moonchild","Run Away (Eric Lau & Kaidi Tatham Remix)","0.781","0.449","-4.937",0,"0.107","0.292","0.00467","0.422","0.522","92.999",208631,4
"79esEXlqqmq0GPz0xQSZTV","Shawn Mendes","Lost In Japan","0.713","0.738","-6.784",1,"0.374","0.255","0","0.106","0.425","105.027",201200,4
"53VM4gvsYb6ONo53dV27Kt","The Hipstones","Spread It All Around","0.648","0.611","-8.105",0,"0.0408","0.183","0.00172","0.0973","0.544","101.191",330520,4
"17WvqOCeq5E2nWMOvdRsvz","The Hipstones","Nothing in the World","0.557","0.532","-6.666",1,"0.0514","0.208","0.0000246","0.0362","0.277","128.086",234947,4
"3O6uYNUr3xLaBlFoZnxIcM","Johnny Sketch & The Dirty Notes","Stop It","0.768","0.631","-6.67",1,"0.0711","0.073","0.00021","0.0684","0.878","120.034",280947,4
"5OG8AIpj2rLoh9tNZyL6lg","The Pendletons","Funk Forever","0.85","0.634","-8.525",0,"0.199","0.00282","0.000932","0.122","0.807","115.944",264828,4
"3WdXUWFdf1js00jNSpZU0U","Sithu Aye","Messenger (feat. Aaron Marshall)","0.432","0.819","-4.648",0,"0.0465","0.0000984","0.828","0.111","0.504","156.007",340096,4
"0d2XP7551co5Ij7TUHrne1","Edison Glass","Without A Sound","0.432","0.811","-4.048",0,"0.0715","0.000365","0.000234","0.0686","0.544","174.949",240512,4
"6Oj4srr7wuNg5MEG4qWqSw","Mingo Fishtrap","Things Ain't What They Was","0.656","0.578","-8.235",1,"0.0306","0.294","0.00178","0.533","0.737","97.001",242440,4
"39hnH8WdPmNT3Q3yzwC9Rg","YG","Why You Always Hatin?","0.926","0.336","-9.326",0,"0.594","0.0392","0","0.138","0.38","92.995",196600,4
"6iaEL3KYwAb1cUtdOjSxNl","YG","Don't Come To LA","0.689","0.564","-8.604",1,"0.189","0.021","0.0000423","0.472","0.107","100.002",215573,4
"5ZxteN0udBmAcPxzpcq6cY","Opeth","A Fleeting Glance","0.48","0.385","-11.465",0,"0.0269","0.0525","0.0274","0.107","0.332","155.074",306653,3
"3oNn2Qg40BPekTa4zxpSp2","Anti-Lilly & Phoniks","Blue in Green","0.792","0.538","-8.654",0,"0.314","0.535","0","0.122","0.761","91.992",200829,4
"0Oqhw691klP8oeKM3joA9g","Weldon Irvine","Blue in Green","0.65","0.948","-7.813",0,"0.0524","0.000328","0.793","0.217","0.714","111.565",355080,4
"0eLvWUMEyflsaEfP6PPr1h","Gretchen Parlato","Blue In Green","0.504","0.327","-14.356",1,"0.028","0.815","0.806","0.106","0.295","106.634",251655,1
"5jtSajjfhRRPozlv03Ue13","Fillmore Slim","My Friend Blue","0.75","0.578","-5.442",0,"0.0356","0.405","0.0000537","0.046","0.622","112.352",248893,3
"5nSrNZnwiEu0Y9oQEeYPoM","Anti Lilly","Ahead of My Time","0.782","0.598","-8.459",0,"0.581","0.303","0","0.098","0.896","85.825",148372,4
"6FrFMAGUpH6DT52Czad1RN","Mutemath","Stare At The Sun","0.46","0.72","-6.494",1,"0.042","0.00259","0.0000109","0.372","0.647","181.92",273040,3
"5jz2XYi3qJC3nN62FW1PUp","Perturbator","Sentient (feat. Hayley Stewart)","0.494","0.79","-4.165",1,"0.0338","0.013","0.233","0.165","0.0398","120.006",332976,4
"0ZdPv45oVlh5eI9EnBCun6","Audio Push","Smack (feat. Ty Dolla $ign & IAMSU!)","0.728","0.635","-9.068",1,"0.285","0.124","0","0.701","0.56","97.011",306547,4
"1iMFCmdgckITIcGKcAnYji","Sahg","Baptism of Fire","0.263","0.914","-4.922",1,"0.0555","0.00176","0","0.173","0.43","113.807",219293,4
"6tw4HTcqBCIvznYgJ8zmsf","Born Again Floozies","The Voluptuous Panic","0.679","0.724","-10.11",1,"0.0855","0.0377","0.149","0.143","0.603","88.003",130653,4
"6or1VbOYOIjDPxJxyjZvuE","Brad Mehldau Trio","Holland","0.414","0.267","-17.391",0,"0.0338","0.824","0.934","0.109","0.327","110.242",526613,3
"5xAfdl3UzWnifSOvlVJUXn","Maceo Parker","Hats Off to Harry","0.548","0.848","-4.735",1,"0.305","0.172","0.000123","0.253","0.647","203.781",277227,4
"36XAzscdDbMhQrKj3GF8jp","Groove Collective","Hide It","0.469","0.909","-5.114",1,"0.0397","0.0871","0.921","0.0779","0.675","137.32",291875,4
"5oCesSn1ndF0E9nQTq9xPV","The Brand New Heavies","Lights","0.764","0.566","-12.578",1,"0.0429","0.0468","0.000305","0.0792","0.937","120.072",251440,4
"7HhyLr4dm0wZylFWYz9mSw","Dirt Poor Robins","Nightingale","0.214","0.365","-9.466",1,"0.0337","0.909","0.00202","0.107","0.112","130.426",239307,3
"7extBYaQIMjgCXWjdj2xwJ","Bondax","Real Thing","0.808","0.681","-5.959",0,"0.0367","0.0949","0.0198","0.25","0.612","108.982",215653,4
"5aTqkzPP9PJ7wta153R5Xt","Grace Love and the True Loves","Shake It Out","0.626","0.724","-6.031",0,"0.0641","0.144","0.000104","0.0676","0.754","130.673",199933,4
"1hlgcF5OeXLywadYzMrWuE","Kennedy Administration","It's over Now","0.72","0.831","-4.731",1,"0.187","0.0489","0","0.0743","0.667","107.124",228880,4
"5FS2gDV79Kz3WI2aZNBga2","Guante","Matches (Prod. Rube) [feat. Dem Atlas]","0.727","0.918","-4.232",1,"0.215","0.118","0","0.141","0.815","95.455",244132,4
"35Cy1KKtZ9YfuDAOAmzc4R","Cory Henry & The Funk Apostles","Our Affairs","0.817","0.586","-9.521",0,"0.0802","0.0263","0.00464","0.0812","0.752","107.972",320800,4
"6R3h3NApczKdF0GHqLD1Iv","Strawberry Girls","Buddha (feat. Johnny O'Hagan)","0.282","0.815","-6.976",0,"0.0389","0.000588","0.79","0.119","0.11","145.978",393026,3
"0k5M5HOsekGYn7GKVUfBGc","Jesse Winchester","Step By Step","0.522","0.463","-10.341",0,"0.0393","0.258","0","0.159","0.92","171.682",177467,4
"3AsxPFJbPVU3wUnPrDLn4s","Her Songs","Holding My Own","0.675","0.54","-6.26",0,"0.0382","0.632","0.0000619","0.176","0.41","89.014",204400,4
"0ulct3cASnhGvaGhFIuIyZ","Raveena","Temptation","0.734","0.541","-8.86",1,"0.131","0.454","0.000851","0.132","0.501","140.044",248738,4
"6yViG0VPb3CCDIOwzAAzhq","Tinie Tempah","Lightwork","0.814","0.904","-1.951",1,"0.0553","0.018","0.000124","0.0647","0.491","105.029",224400,4
"3UXrGL6fSOpHRE0SoyX6ez","E-40","Gangsta Song","0.799","0.685","-4.672",1,"0.18","0.118","0","0.491","0.357","97.962",210053,4
"1nIKpbGBEPidzXgWrdnh1H","Punch Brothers","Jumbo","0.773","0.28","-12.355",0,"0.0694","0.964","0.0128","0.131","0.372","93.521",215627,4
"0XOMoQbYxYPVLxwK4VDmNA","Lil Baby","All Of A Sudden","0.759","0.732","-5.546",1,"0.118","0.000142","0.0016","0.0626","0.379","140.005",169187,4
"2XOBCQRuNNeOt6HnHV12x2","Tkay Maidza","Afterglow","0.746","0.793","-6.12",1,"0.0791","0.0018","0.0572","0.262","0.392","100.046",180227,4
"39quck8Ns0AgGSpWZBsJ4M","The Flower Kings","Numbers","0.231","0.758","-6.535",0,"0.0594","0.326","0.000535","0.106","0.185","165.705",1526547,4
"3rt0G9i8LVEWyJyTPyl5pV","Audio Push","Leftside","0.626","0.838","-3.88",0,"0.281","0.227","0","0.202","0.784","94.207",181634,4
"5QguCySD3HC1yB22ejFjAz","The Lox","Move Forward","0.637","0.921","-2.004",0,"0.276","0.186","0","0.0819","0.91","94.057",229253,4
"7jKUnzzOGhAlPjr7LkIUlE","2 Chainz","Momma I Hit A Lick (feat. Kendrick Lamar)","0.796","0.467","-6.293",1,"0.34","0.202","0.0000332","0.206","0.4","179.974",173760,3
"2jB4X5P7fMfpG3Nj8jrgCG","The Motet","Death Or Devotion","0.824","0.492","-6.328",0,"0.128","0.143","0.00179","0.0694","0.864","89.962",265800,4
"41uX0L4bro4KfKtDIIEFFe","Vince Staples","FUN!","0.953","0.554","-5.12",1,"0.076","0.616","0.000869","0.106","0.457","101.011",171107,4
