track_id,track_name,track_artist,danceability,energy,key,loudness,mode,speechiness,acousticness,instrumentalness,liveness,valence,tempo,duration_ms,time_signature
2aNGaSTJcM4XszZlkeC46n,Come On in This House (feat. Homemade Jamz Band),Elvin Bishop,0.506,0.588,2,-8.995,1,0.0306,0.0185,0.0000166,0.0589,0.362,103.069,219947,4
2rPjWpn76p5oK7MOW4KvTh,Your Name Here,Atmosphere,0.804,0.458,0,-5.997,1,0.0302,0.162,0.00000258,0.0964,0.158,87.016,217293,4
50PvjebDhu2VQ84VxYjvVI,"Selfless, Cold and Composed (feat. The Sacramento State Jazz Singers) - University A Cappella Version",Ben Folds,0.419,0.529,7,-8.677,1,0.044,0.653,0.00000144,0.124,0.32,82.564,383507,4
0mnxmqbLPurbEtNt22BrKE,Someone Else's Clothes,Jason Robert Brown,0.637,0.697,0,-5.543,1,0.0912,0.297,0,0.0888,0.554,90.096,330000,4
5Qyeh1HqfGKJFLFMugpcgv,Diamonds and Gold,Firewater,0.749,0.355,11,-10.861,0,0.0347,0.381,0.000329,0.0854,0.542,128.362,232733,4
44JCg1QvEQkWqmdtRaZnUa,City Lights & Traffic Sounds,The Reign of Kindo,0.568,0.672,11,-9.177,0,0.0303,0.463,0.00367,0.354,0.329,102.899,235853,4
5cxBXZslPlWsIfQ8Pwf7Qr,Greasy Louise,Chad Smith's Bombastic Meatbats,0.524,0.677,7,-8.909,1,0.0358,0.00857,0.78,0.476,0.497,102.86,244420,4
3EwGjMi96oleNxtlXXoonW,Atomic,Truckfighters,0.404,0.759,1,-6.309,0,0.0597,0.0607,0.511,0.176,0.797,82.371,308147,4
7wgrVZNufwBsiLb12VjdWv,Krank,KMFDM,0.542,0.847,10,-7.37,0,0.0343,0.0000136,0.791,0.126,0.241,129.975,309693,4
0hgBLkZoVasP6l2w3nWbiI,Old Yella,Haferflocken Swingers,0.658,0.637,9,-5.726,0,0.0703,0.253,0.0000203,0.649,0.736,109.347,248800,4
5V2bdNuCVbGJG8ztqJQb1r,40 Bars,Movits!,0.658,0.699,7,-4.856,1,0.324,0.259,0,0.353,0.792,66.564,93853,5
3Fm514En3RXInsGJBgqvQc,Folsom Prison Blues,Jerobeam,0.691,0.748,10,-8.1,0,0.0385,0.017,0.0116,0.0885,0.968,92.202,240627,4
2wahCAgkjS1zAnzaZy1cIs,Wonderbrass,The Clients Funk Society,0.783,0.754,4,-8.286,0,0.0379,0.0198,0.397,0.0249,0.651,123.396,206387,4
6MP1nXFLIBUAsHDRGWlhOv,Knuckle Sandwich,Defunkt,0.82,0.727,10,-9.925,0,0.0637,0.0492,0.00218,0.297,0.861,119.678,247333,4
7xqUrcModMRC4M6wpvYLRh,"A Blow For Me, A Toot To You",Fred Wesley & The Horny Horns Featuring Maceo Parker,0.839,0.618,0,-8.868,0,0.29,0.178,0.181,0.0819,0.961,85.409,435333,4
3s0cHTqkHRe335M1C0uKPs,Lowdown Stank,Breakestra,0.686,0.963,7,-3.211,1,0.0426,0.162,0.0663,0.0585,0.928,101.899,401427,4
048sDFIhE2CzXGY5sF5o1t,Drivers Seat,The Flower Kings,0.306,0.732,9,-9.07,1,0.0734,0.00332,0.000429,0.0969,0.212,139.964,1100920,4
3vPZNhkkhAupLlC9v3SrBj,Blue Veins,The Raconteurs,0.356,0.434,4,-9.361,0,0.0454,0.193,0.00565,0.134,0.0796,130.698,232493,3
4QQU3p0Me4SdxfayEOU66N,Steamroller,Firebird,0.264,0.902,5,-5.109,0,0.124,0.00253,0.0398,0.186,0.432,83.595,305907,4
1k7o67gk8hle7UfwC4t7bo,Downtown Tonight,Tyler Bryant & the Shakedown,0.445,0.698,11,-5.74,1,0.0307,0.421,0.0331,0.107,0.521,174.709,247600,4
76o1OKnYwarhColk6NQZYX,Cold Blues,Quaker City Night Hawks,0.539,0.674,7,-6.838,1,0.0268,0.0468,0.0235,0.11,0.766,139.075,217533,4
3l5onnbzAUvv7sPGyzIvyf,I'll Be Doggone,Albert King,0.525,0.577,0,-8.733,1,0.203,0.417,0.0000109,0.175,0.821,169.264,341307,4
38KkuEgkcdrxOIbqijawtU,Hessian Peel,Opeth,0.37,0.731,9,-8.061,1,0.0527,0.00503,0.509,0.106,0.0934,123.602,685800,4
3UwTk1QEuAdfwptvm9BDYF,Bomp,Bronk,0.616,0.683,2,-7.641,1,0.0588,0.0236,0.666,0.114,0.802,180.176,198653,4
1VeQHMy01OoHh5sjEZdvOo,In The Winelight,Kurt Elling,0.695,0.301,8,-14.586,1,0.0397,0.432,0.00000802,0.0884,0.168,83.47,400933,4
1QFd5qx4LaFkBlz1S9TmSd,Precious Memories,East Of The Wall,0.415,0.989,9,-5.895,0,0.121,0.0000161,0.936,0.195,0.209,163.967,304280,4
0MF90HVWjjt5Q7iHFESdB6,Thrown,Cire,0.393,0.756,10,-6.433,0,0.0526,0.0397,0.0134,0.154,0.491,106.405,391427,3
1xNzAKZ1ZKS6s3P8IWnmru,Ride On (feat. Paul Carrack) - Blue Note Version,Gare Du Nord,0.766,0.421,2,-9.791,1,0.0256,0.633,0.00000329,0.114,0.718,90.012,225120,4
2NcgPWSQJgXwR6IjiHwXq0,Evening In Paris,Quincy Jones,0.511,0.162,7,-12.443,0,0.0436,0.969,0.178,0.129,0.199,114.861,248093,4
7AX7qVqFljHOJC3FIQ8a6t,Just Got Back From Baby's,ZZ Top,0.611,0.337,0,-11.391,1,0.0597,0.544,0.23,0.377,0.734,84.545,250120,4
0uAgK4A9KQXBTWS4gWZkFb,Bubber (If Only),Olu Dara,0.751,0.104,1,-18.188,1,0.0681,0.0787,0.637,0.565,0.322,67.125,184093,4
0wNUTleNAhiAFPghCxLt27,School Boy Crush,Average White Band,0.581,0.588,2,-7.469,1,0.0555,0.0928,0.0141,0.0852,0.815,171.645,300837,4
0QzksDNvDDLJ6QUbyxJa78,Creepin',George Duke,0.781,0.458,5,-9.963,1,0.0414,0.236,0.0936,0.183,0.392,90.053,290813,4
4L6qiLkQUwDBsKLHRAc5tY,Fancy Dancer,Commodores,0.785,0.737,10,-6.445,0,0.0784,0.222,0,0.111,0.892,99.888,263160,4
210g0ApTMDQvGFTWSnioAA,Easy,Commodores,0.572,0.565,10,-7.695,0,0.0292,0.167,0.0000564,0.116,0.306,132.25,256547,4
204s2mNS8YwDENS7s36TvV,In the Sun (feat. Angela Johnson),Reel People,0.746,0.929,10,-4.767,0,0.0591,0.0814,0.000535,0.141,0.742,124.008,366840,4
6gfwGOQwmNn038QYQPMqbJ,Steel and Blood,Minus the Bear,0.573,0.821,11,-5.787,1,0.0325,0.0119,0,0.19,0.664,123.065,229053,4
1z7J6x72KMwYNA0GR0uFoz,Fever,James Cotton,0.766,0.467,8,-13.456,1,0.366,0.371,0,0.268,0.704,116.954,312760,4
5gIbHo4j5oxk17ccmcIb1C,Showbiz,Mike Stern,0.739,0.622,10,-9.364,1,0.031,0.0524,0.849,0.0484,0.828,108.394,345107,4
1ecVquoBrGbxoAKpVBKNLX,Turn Your Love Around,Tentet Au Carre,0.754,0.618,5,-7.065,1,0.0579,0.316,0.00112,0.154,0.673,100.062,486013,4
4odjKrQcVe12RiUom35uvY,Close To Home,Blue Six,0.919,0.569,11,-9.481,0,0.0889,0.0455,0.0916,0.108,0.906,123.027,261667,4
1WpBk2uN8eXXb2pdkbOb9D,Black Cow,Steely Dan,0.489,0.335,2,-14.566,1,0.0706,0.211,0.00543,0.0508,0.553,189.688,310200,4
66A8zXf4BmRtk7mYAcQjDZ,Break Up At Food Court - Demo - 2000,Ben Folds,0.656,0.653,1,-7.214,1,0.0252,0.292,0.00218,0.152,0.909,90.549,170373,4
0HxSlUXHp8KJ3ZqrCTyfB4,Funk-a-trunk,Hamadryad,0.237,0.865,9,-5.908,1,0.0637,0.000407,0.00926,0.112,0.479,83.967,536027,4
6PqvBPholDH0mgDVvuaHAM,Single Life,Cameo,0.767,0.764,7,-8.342,1,0.0582,0.14,0.000262,0.264,0.814,110.607,267853,4
32UJmZRXTufLI1X9r28pix,Can't Stop,Missy Elliott,0.57,0.76,1,-4.206,1,0.0908,0.00349,0,0.0846,0.301,129.403,229067,5
0UaMYEvWZi0ZqiDOoHU3YI,Lose Control (feat. Ciara & Fat Man Scoop),Missy Elliott,0.904,0.813,4,-7.105,0,0.121,0.0311,0.00697,0.0471,0.81,125.461,226864,4
7aJouq94UPaX7yVXd2MQ4k,On & On,Missy Elliott,0.629,0.881,0,-4.931,1,0.508,0.453,0,0.125,0.554,95.685,285760,4
0Z8taEEMbqDMV0eNmD1ypH,Mommy - With Mommy Interlude,Missy Elliott,0.718,0.504,1,-6.825,0,0.393,0.0521,0.000388,0.274,0.148,145.962,188213,5
3yei0S35YFOEBOiKN287MW,Ragtime Interlude / I'm Really Hot,Missy Elliott,0.879,0.644,7,-8.595,1,0.201,0.345,0.0000037,0.272,0.856,114.002,210707,4
7Ftjiy0DqA8uxdGoeTwUwT,Let It Bump,Missy Elliott,0.946,0.538,8,-7.948,1,0.33,0.398,0.00131,0.0581,0.829,108.142,169867,4
5oShTWuRJ6VhyTHMB4Jemn,Pump It Up (feat. Nelly),Missy Elliott,0.805,0.802,5,-6.296,1,0.277,0.1,0,0.322,0.617,105.883,185427,4
1XChByT5F5hF7z8RcjI4jw,Story Of A Quarryman,Joe Bonamassa,0.395,0.799,7,-5.945,1,0.09,0.113,0.00354,0.161,0.444,143.905,298107,4
7GtOmFf7nUB2XjjruNXI5c,Standing Room In Heaven,That Handsome Devil,0.471,0.618,11,-8.607,0,0.0598,0.142,0.0156,0.246,0.313,139.904,330533,4
4IKCDQZYBcomasI1CmjhWA,Brothers,Two Ton Shoe,0.587,0.944,1,-7.325,1,0.032,0.00798,0,0.171,0.64,102.562,227000,4
1HLCST1CymksfSPyzTnee5,"På drift, Norrbotten (ft. Olle Nyman)",Movits!,0.468,0.764,6,-5.024,1,0.327,0.397,0.00000917,0.145,0.817,88.842,318267,4
2AaK69jzFnoC3tlPogdYsW,Trouble Woman (feat. Roachford),Dr Rubberfunk,0.489,0.857,10,-5.587,0,0.125,0.159,0.000254,0.0832,0.931,83.474,213173,4
12TMWX4lPRjEsykfqL6Xsz,Devils Look Like Angels,The Reverend Peyton's Big Damn Band,0.674,0.793,7,-4.271,0,0.0256,0.0263,0.828,0.1,0.737,91.005,165853,4
5C1FrXg3jpHH96FnQjaaqz,Burglar,Peter Green Splinter Group,0.804,0.49,5,-9.678,1,0.0316,0.582,0.0512,0.118,0.642,96.028,355400,4
6P6PwoZNACtrkTsIZV8XS8,Bound for Glory,Tedeschi Trucks Band,0.483,0.573,7,-8.85,1,0.0376,0.329,0.00284,0.0865,0.512,90.742,328853,4
6qvdtFDBAvjQSbww7VHHZD,Learn How to Love,Tedeschi Trucks Band,0.46,0.588,7,-8.295,1,0.0361,0.0111,0.0054,0.294,0.448,143.163,263253,4
2pYP1kwHKQCFvalyYcxntX,Blame It On Tupelo,The Union,0.344,0.777,7,-8.418,1,0.0352,0.00603,0.0000964,0.0504,0.329,171.792,294600,4
15fPBJeBFHlcAyQlK1wj72,Hesher,Wallpaper.,0.759,0.81,0,-4.082,1,0.404,0.109,0.0000254,0.107,0.822,149.972,188227,4
0J69nBmUBmzHXSDBTdgq2M,Checkin' on Me,Róisín Murphy,0.858,0.603,1,-5.659,1,0.112,0.011,0.000229,0.0719,0.496,105.051,279253,4
1X799qUZe38MBtK8tBhXLf,Reagan's Kids,That Handsome Devil,0.265,0.798,9,-7.109,0,0.152,0.353,0.0000381,0.0849,0.255,168.323,214920,3
06XyoB6sULL2ii10z99VEo,Inside You,That Handsome Devil,0.546,0.769,1,-5.651,0,0.028,0.0185,0,0.104,0.646,95.021,199093,3
4dwJtZrlX1or2kZpIvdgy7,Troopy's Blues,Two Ton Shoe,0.629,0.941,10,-4.641,0,0.102,0.00644,0.00031,0.121,0.729,107.861,239880,4
1eAuKC9uTVIFOtqPMpqru1,The Woman I Love,Son Seals,0.348,0.493,5,-10.957,1,0.0406,0.088,0.000627,0.417,0.638,170.295,429907,3
2eCisU4QtPRHUaFj7ZcB98,El Empe,Rishloo,0.276,0.524,6,-6.185,1,0.0335,0.000543,0.0000147,0.0995,0.11,123.231,217400,4
287k1tGKimVIg5dO5ko18W,Money Honey,The Juke Joint Pimps,0.493,0.67,10,-3.293,0,0.0519,0.428,0.707,0.109,0.808,74.685,167080,4
4QwO7XkVQTNwyzAE7GaZH0,Big Mamou,Nelsen Adelard,0.605,0.522,6,-11.944,0,0.148,0.235,0.00142,0.0559,0.877,152.089,162773,4
7fVlgvCVBYdHWRisXWsdrI,Blues All Night,Nelsen Adelard,0.464,0.298,2,-13.65,0,0.0589,0.286,0.000426,0.127,0.198,182.771,336453,3
2bulK0SYgb1PFk4bX84CzX,Crack,Bloody Diamonds,0.26,0.726,10,-6.751,1,0.041,0.0000835,0.00263,0.499,0.394,62.06,193053,4
0CBvJnDhAUsvn40StOjF98,They've Got Secrets,Bloody Diamonds,0.279,0.441,5,-7.74,1,0.0293,0.00459,0.00907,0.115,0.339,169.226,308427,3
5Y8FSZJIo74U6lXvTEmYhq,Golden Calf,The Band Of Heathens,0.703,0.403,8,-9.263,1,0.067,0.344,0.00000108,0.0845,0.271,110.319,182480,4
3CVX6ZRd0dqjiMQDuF7uBt,Systematomatic,Rishloo,0.335,0.869,1,-5.89,0,0.0893,0.0796,0.00445,0.118,0.24,85.266,221613,4
6IQkTOujklX4Iv9BsyVFMJ,"Oh Well, Okay",Christopher O'Riley,0.39,0.068,0,-25.007,0,0.0786,0.995,0.88,0.0859,0.0438,76.572,186080,4
5FiSo7E1IvpBeowZxMk9UI,River Man,Brad Mehldau,0.436,0.162,8,-22.068,1,0.0322,0.831,0.895,0.0628,0.199,117.194,288800,5
3mKfQpeNak4hjDbrPWU0tE,Messin',Black Joe Lewis & The Honeybears,0.698,0.736,6,-6.819,1,0.201,0.62,0.122,0.0888,0.2,90.717,145893,4
0DnI82S0WYzYfY4IJUJKDr,Beware The Leopard (Jagwar),The Safety Fire,0.423,0.969,9,-5.189,0,0.101,0.000117,0.00128,0.855,0.442,165.022,291653,3
1ONC00cKNdFgKiATMtcxEc,Charlie's Inferno,That Handsome Devil,0.725,0.898,9,-5.204,0,0.0908,0.341,0.00000982,0.281,0.97,145.985,224853,4
764hr2cwVvLZLb9C5Jusai,Kiss The Cook,That Handsome Devil,0.551,0.444,8,-8.616,1,0.042,0.639,0.00000888,0.22,0.191,123.183,203813,4
3Tm9VO0vE4u9EaSkUT3KMr,River Man,Nick Drake,0.335,0.18,3,-12.27,1,0.0337,0.909,0.00383,0.112,0.119,116.376,247320,5
3ZLzAyB6QMSeVT57IWodX5,Funkin' for the Thrill,George Duke,0.733,0.783,11,-10.369,0,0.0867,0.0255,0.00391,0.0393,0.907,124.938,242480,4
1NfXNZmub2Gdh3kF8EU1j1,Strange Feeling,Michael Burks,0.212,0.834,9,-3.923,1,0.0482,0.061,0.0996,0.215,0.565,183.27,270040,4
0ZDJHu0rq4py2ycW7x3Shy,May The Cube Be With You,Thomas Dolby,0.808,0.587,8,-13.279,0,0.0436,0.0326,0.00672,0.271,0.907,103.019,229760,4
7hQyg9fdiPHaSgraG1AfHp,Rock Me Baby,Johnny Winter,0.478,0.772,7,-8.796,1,0.0549,0.27,0.0901,0.203,0.639,95.448,230133,4
0BLyr2LI3CJACYcP6xbFMY,Long Weekend,Trombone Shorty,0.737,0.746,2,-5.355,1,0.0382,0.0134,0.0166,0.0668,0.717,105.964,247533,4
7tbghM1YOdyyo1p4eKyH2F,Funky Brown Shorts,Bonerama,0.666,0.523,0,-6.005,0,0.0484,0.0474,0.212,0.0794,0.541,87.017,284053,4
0ZkkO456qIrAH9cr9DcPlW,Atlas Stone,Haken,0.45,0.896,0,-5.869,1,0.0455,0.00435,0.00124,0.145,0.34,105.082,453867,3
05CGrCiTaAhoP3PTpB46Ct,I Can't Help It,Gretchen Parlato,0.784,0.293,8,-16.272,1,0.106,0.909,0.00144,0.0968,0.641,103.093,291213,4
4gzIyTFiqFIFklobGLPT91,Sam Huff's Flying Ragin' Machine,Lettuce,0.811,0.902,1,-6.063,1,0.0815,0.0401,0.799,0.0393,0.797,120.002,204040,4
2JzYEQGtJwYDR3zry7cZ9F,Jellysickle,Tech N9ne,0.859,0.706,1,-3.437,1,0.259,0.144,0,0.12,0.417,82.491,216680,4
5eWQXCRyrDp3DcQLcxgwXe,Popped Off (feat. Dr. Dre),T.I.,0.605,0.873,1,-5.109,0,0.219,0.0242,0,0.0579,0.568,95.055,224053,4
09h6LveFx6scJ98XCboxRl,As If We Existed,Solillaquists of Sound,0.676,0.556,2,-11.783,0,0.0803,0.272,0.0324,0.486,0.569,166.019,225400,3
3BXaIWfT7VScHZsPUc0JCK,Fountain Of Youth,Supastition,0.623,0.688,10,-8.443,0,0.329,0.248,0,0.366,0.682,89.646,209413,4
2Hcw0eAHFrffTwk7wdVhbJ,Clap (feat. Faith Evans),Saigon,0.368,0.921,6,-4.933,0,0.424,0.0143,0.0000417,0.514,0.469,181.701,390013,4
7vJcRktY04NTgjcP6b8MLq,Still Standing,Pharoahe Monch,0.353,0.67,7,-8.115,0,0.105,0.221,0,0.0462,0.108,92.22,317720,4
2IibRw5TZio67i32At3uNj,You Say (Puppy Love),Brother Ali,0.566,0.536,1,-6.232,0,0.168,0.224,0.00000202,0.0636,0.44,83.387,257200,4
6JRn0YHhCO34oZsqaQoMaa,Breakin' Dawn,Brother Ali,0.642,0.728,8,-7.075,1,0.264,0.367,0.562,0.139,0.398,88.934,277893,4
0zVObQaa58EsBZxEBN2Tlo,Dazed & Confused,The Moleskins,0.466,0.324,11,-13.182,0,0.0975,0.499,0.00559,0.156,0.328,174.488,302306,3
5HhQ6BXrtzhbOddOtorH5i,Dazed and Confused - Of Course,Pumpkin Head Ted,0.292,0.658,9,-5.783,1,0.0305,0.113,0.00126,0.12,0.514,88.724,425973,3
1mScOKklx8m8FvNcarYHOs,Ain't No Sunshine,Rahsaan Roland Kirk,0.289,0.371,2,-12.35,0,0.0335,0.942,0.00713,0.175,0.544,181.102,148800,4
2Gvp1R5x68yOsAnywBWMdi,Time Is Now (feat. Snoop Dogg),Murs,0.745,0.796,6,-6.117,1,0.202,0.0366,0,0.039,0.341,96.071,295168,4
4Ljo0RjpKnMC3E7mWaWXia,Where Do We Go From Here?,Danny Grissett,0.357,0.506,3,-13.644,0,0.0307,0.784,0.884,0.0947,0.615,132.901,360747,1
5oxrRfCVaYkE7xkK3aobLB,If Six Was Nine,Roy Buchanan,0.676,0.618,8,-8.562,1,0.131,0.0661,0.253,0.261,0.79,75.26,249400,4
36Y4bI3yn16ZgNslzHc4nj,Hard White (Up In The Club),Yelawolf,0.687,0.831,10,-4.492,0,0.294,0.0117,0,0.204,0.181,100.667,203760,5
0i4jeFkau63VWI1KogiwoK,Anticipation,Frank Viele & The Manhattan Project,0.64,0.89,2,-4.569,0,0.095,0.211,0.00153,0.156,0.76,98.016,212960,4
25G8NNFBnjXgWCGtyPa1Ax,Pop The Trunk,Yelawolf,0.913,0.666,2,-9.092,1,0.132,0.129,0,0.109,0.118,120.153,228160,4
2ihrJRUk2aFFTCqBD2rEAb,Call On Me,Joe Bagale,0.786,0.582,7,-6.815,1,0.164,0.0388,0.0000111,0.343,0.799,152.813,196441,4
7JaThYjfDDL79csAxuaFDt,Shake It Off (Bad Dreams Part II),Lyrics Born,0.638,0.805,5,-7.171,0,0.484,0.0307,0,0.358,0.717,162.679,267360,4
5jwtAUdhUIUvqXBITInoEp,Mixed Up,The Main Squeeze,0.511,0.784,7,-5.046,1,0.0938,0.0485,0.000184,0.0881,0.641,108.172,296667,4
3NsH19RsdYXc0NPmFfjyE3,After Hours (Extended Euro Mix),Living Legends,0.894,0.814,6,-4.114,0,0.14,0.0467,0.0000103,0.0815,0.292,110.004,500013,4
1vhK81vdWqWL1CijjRJONB,On My Way to Harlem,Gregory Porter,0.623,0.549,10,-10.644,1,0.0409,0.518,0.00932,0.101,0.884,138.857,460493,4
5bNzQ3byxW0L94UToNg6wV,I Just Want To Make Love To You,Cold Blood,0.441,0.49,8,-12.033,1,0.0691,0.113,0.0118,0.131,0.654,94.644,312653,4
4ptf7iQHFo4ttNAKxI9OOR,I Just Want To Make Love To You,Kutiman,0.488,0.569,6,-9.264,0,0.0309,0.137,0.0249,0.128,0.254,73.996,365600,4
5w5vw9cokQ9s8dHQmQqLX4,Bad Dreams,Lyrics Born,0.862,0.668,6,-5.308,1,0.0718,0.11,0.00000459,0.0633,0.889,85.024,200387,4
30d50iqspscgtULK3QcEpf,Slow Down,Spanker,0.856,0.873,0,-2.652,1,0.0891,0.00174,0.899,0.118,0.22,99.984,249600,4
1E4GNtOSpXfk6SkGxsjPix,The End of an Age,Richard Swift,0.461,0.389,1,-11.256,0,0.0331,0.89,0.000397,0.0927,0.371,106.955,227560,3
3s5Ja1eydXvkzJp0KAyMup,Janxta Funk!,Pimps of Joytime,0.771,0.807,7,-6.258,1,0.058,0.0107,0.0135,0.568,0.707,98.003,256960,4
14nBOVonNV00uftfB3vgZY,Rage On!,Big Sam's Funky Nation,0.612,0.841,0,-5.247,1,0.102,0.00488,0.946,0.11,0.702,59.994,164107,4
6JbQOnsi4qfEAiSWezWja5,Get Up Off Your Butt,Darondo,0.692,0.878,2,-8.725,1,0.0554,0.155,0.111,0.222,0.568,113.508,376493,4
5EJXKjUAcRtjNDphJ8erup,Let Me Blow Your Mind,Shawn Lee's Ping Pong Orchestra,0.882,0.684,1,-6.505,1,0.0516,0.0187,0.0399,0.0458,0.752,90.061,231707,4
4s6vI3p3KTnA2BS0z2JRF0,76,Eric Krasno,0.701,0.795,0,-8.861,1,0.0678,0.547,0.797,0.415,0.776,109.966,274480,4
09bDHWxnX2BjMPbj30PRQ4,Do U Want It?,Papa Grows Funk,0.814,0.852,9,-5.941,0,0.0557,0.225,0.161,0.325,0.923,112.032,290040,4
3BRSjAakIomNrlPADOlXaw,Bacano,Orgone,0.767,0.763,2,-8.421,0,0.05,0.456,0.751,0.0721,0.964,113.822,208893,4
36b0vU6pSA8jDoVconvqPq,$2.50 ,Monophonics,0.669,0.69,7,-6.463,1,0.0429,0.122,0.893,0.0256,0.922,110.076,196333,4
7IVrTH1BhaGa4aNDnd0P8k,Can't Leave It Alone,Monophonics,0.565,0.777,7,-4.05,1,0.0629,0.044,0.0129,0.173,0.756,97.823,286267,4
5OerOb9WFPvCnSEnx4cURM,Sugarwalls,The Staxx Brothers,0.412,0.514,1,-7.353,1,0.0315,0.0187,0.0000141,0.27,0.585,90.457,266587,4
4zXYBJsjTyRvtKvXhF5PjV,Poison Ivy,Mingo Fishtrap,0.738,0.883,11,-5.934,0,0.144,0.271,0.0000225,0.134,0.83,109.438,276093,4
7AXYiFfb0rcgbFm3aIiIHt,My Hands Are Rough,Nicholas Howard,0.901,0.762,1,-5.286,1,0.113,0.421,0.0126,0.0141,0.789,107.748,215867,4
7HWlYDP7sOOPLzvHW7lrvA,I Love It,The Soul Of John Black,0.701,0.516,0,-4.587,1,0.0334,0.481,0.00000643,0.111,0.276,122.135,187413,4
7d7fpLt0lyt1cVj15zW936,Nemo,Umphrey's McGee,0.706,0.647,7,-6.673,1,0.0838,0.148,0.00000792,0.144,0.454,95.279,265279,4
2RX8kOnJEVirXwP1FRgXBD,House Party,Nils Landgren Funk Unit,0.797,0.731,9,-6.852,1,0.038,0.265,0.00245,0.067,0.893,104.193,305307,4
7pYvZ1BtrOvqPngoDOgkbZ,Overdue - Blackbeard Remix,Bitter:Sweet,0.74,0.851,10,-6.811,0,0.0611,0.00103,0.022,0.065,0.889,99.999,309093,4
2zeFxpmncdZhzeuud3Xgdg,Overdue,Bitter:Sweet,0.637,0.744,2,-7.042,1,0.0778,0.158,0.00407,0.268,0.689,175.864,214440,4
4eBrqVKjRJooMVDUnxqyfm,That's Alright,Laura Mvula,0.706,0.595,6,-9.582,0,0.0438,0.0295,0.00179,0.216,0.67,109.957,214187,4
48wH8bAxvBJO2l14GmNLz7,Wait for the Moment,Vulfpeck,0.773,0.36,0,-9.722,1,0.0955,0.501,0.00409,0.0823,0.681,79.207,230677,4
1Rz3vHmjEz12i2dZHThe3s,Filature,Benoît Charest,0.715,0.408,1,-8.138,1,0.0245,0.128,0.301,0.0962,0.663,89.977,170853,4
2YwQLvPokhUJ5yOfWtRO7P,The Tide,Hazmat Modine,0.396,0.551,11,-10.707,0,0.0551,0.458,0.373,0.115,0.588,181.557,350573,4
2YEgYAXDL0YHvBBRicGTCj,Medicine,Two Ton Shoe,0.64,0.974,7,-5.773,0,0.132,0.0611,0,0.0615,0.599,114.246,245773,4
5EaWUQU9542uuuXXUAEzTW,I Want to ta ta Ya Baby,Mike Finnigan,0.483,0.598,1,-6.148,1,0.0392,0.159,0.00000236,0.114,0.476,124.657,372933,4
3DozQO9YETRTOxV6XT3dY3,Smart Phone Blues,Pierre Sibille,0.722,0.688,7,-5.278,1,0.0703,0.301,0,0.43,0.754,87.806,202587,4
3lJFo7hr6AgQhtB7q1jFK5,"Nowhere To Run Feat. Sycorax, Madwrecks",Supastition,0.673,0.851,1,-5.516,0,0.164,0.0136,0,0.218,0.843,85.675,240253,4
61VxgC1I7byhugzTdM4AR0,Dazed and Confused (feat. Laura Gibson & John Moen),Portland Cello Project,0.23,0.817,4,-5.21,0,0.194,0.447,0.00137,0.0926,0.383,182.467,343733,4
7HRMo1cEFxoInV9fWjkoqB,Hele Meneer,Adje,0.569,0.676,1,-6.41,0,0.199,0.37,0,0.0994,0.396,94.639,163264,4
2H4FQWFt4f6EY6zQhpIunW,You Could Be Mine,Amp Fiddler,0.833,0.606,11,-4.239,0,0.0437,0.0652,0,0.0729,0.876,99.192,253880,4
3yFpJho1CNOboe57GOte9M,Caravan,Jazztronik,0.418,0.647,7,-5.843,0,0.0465,0.0597,0.522,0.107,0.582,99.764,332507,3
6ky18aPUPqThPQJ15v38ZC,Tight Like That,Clutch,0.549,0.589,2,-6.631,0,0.0969,0.516,0.0029,0.185,0.505,73.188,289827,4
47W6YR93MPCGLEUReLMyDm,Virtual Insanity - Remastered,Jamiroquai,0.662,0.949,6,-4.758,1,0.108,0.127,0,0.135,0.515,91.954,229360,4
0JZjn9sGtDwfHHCsQ6s7Jm,The Moth,Kingcrow,0.491,0.75,0,-8.361,1,0.037,0.00156,0.00266,0.403,0.617,84.919,262253,4
3v6DcgLGFIiRJZ5f9GWAb3,Truth Defiled,Trials,0.396,0.992,6,-5.221,1,0.126,0.00000831,0.0327,0.223,0.177,95.267,274089,4
4GhBcTl9IGffZjZ2e0moqK,From the Corner to the Block,Galactic,0.725,0.774,5,-4.745,0,0.153,0.0672,0.0035,0.0693,0.825,96.034,201000,4
3ieivIBQTmCuhXiwAMCDlo,Caméleon Chameleon,Escort,0.818,0.757,7,-4.305,1,0.0414,0.102,0.0127,0.171,0.877,112.013,326533,4
637mDt2JwDlvUqa6WURqhQ,Alibi,Dirt Poor Robins,0.568,0.847,0,-3.356,0,0.0565,0.0867,0.000671,0.106,0.53,122.865,291667,4
5liaFrDdoINOvJ4B8WDPa1,Romantic (feat. Soulive),Goapele,0.579,0.503,11,-8.599,0,0.237,0.537,0.0000465,0.216,0.456,73.349,338453,4
0lCzuPbNN69pTHyGr84CUD,Damages,Polarization,0.473,0.958,4,-5.842,1,0.0518,0.0000389,0.931,0.0846,0.163,139.999,261965,4
4MAbND60ugVoGlUzDQ7Z2r,All Through the Night,Escort,0.85,0.654,10,-6.084,0,0.0823,0.0137,0.0231,0.099,0.933,122.023,258333,4
1bWPK4pjH5eSkBiFAfNJPD,A Lottery,District 97,0.298,0.539,0,-13.524,1,0.0465,0.0276,0.000393,0.224,0.263,81.083,342320,4
0jET2Wl3JrzW2XCsFZza6i,Good Morning Heartache,Chris Botti,0.589,0.457,1,-8.893,1,0.0601,0.847,0.0172,0.106,0.421,82.074,370333,4
0Ep5Bk8h6SAIWmRmLd4Psq,The Way To Crash,Emptyself,0.704,0.385,1,-11.36,1,0.0327,0.587,0.000075,0.138,0.271,104.981,254427,4
6zSe7ZKNjb6Zl5AP78y5QN,Plenty,Guru's Jazzmatazz,0.804,0.403,8,-6.027,1,0.41,0.161,0.00000201,0.533,0.611,82.646,278600,4
34msPuWKiwgxvV4fBfxOwT,Break Out,Soulive,0.746,0.59,1,-9.81,1,0.114,0.0138,0.465,0.361,0.618,88.876,270387,4
6ELRpNKL041qtxxi6YnxZI,One In Seven,Soulive,0.721,0.69,7,-6.86,1,0.0461,0.00786,0.766,0.116,0.579,120.59,317867,4
0Zi1nMRG2LFvsLJa8LAcUA,Dolla Diva (feat. David Shaw and Maggie Koerner),Galactic,0.66,0.783,2,-5.439,1,0.0819,0.11,0.000987,0.0713,0.873,94.936,212680,4
2ZzitfDmPR8SZ1gLNBaZBs,Sounds Like a Party,Lettuce,0.761,0.94,7,-4.305,1,0.05,0.0167,0.381,0.706,0.716,104.044,211573,4
0JZpLis59RbKAC1gz5bLZl,Damn!,The Motet,0.723,0.771,11,-6.155,0,0.0672,0.184,0,0.295,0.943,108.026,299984,4
369II3IdMkRi6tZ9kalEui,Daily Bread,Martin Luther,0.731,0.499,1,-4.146,0,0.043,0.0576,0.0000285,0.649,0.777,82.001,270480,4
0c6pRcSQxU5BvOMfVGiXSM,It Ain't What You Got (feat. John Turrell),The Haggis Horns,0.675,0.88,4,-7.351,0,0.0481,0.0746,0.0000277,0.0649,0.927,107.955,314800,4
0SbvEJlshGh8hCYhxNVNEB,Endemism,Osaka Monaurail,0.652,0.716,2,-7.264,0,0.0318,0.0346,0.86,0.0593,0.961,86.682,345400,4
62OcNhoMT6msCLNfe9OZKO,La Nueva Manera featuring Snowboy,Speedometer,0.556,0.799,10,-6.829,0,0.0435,0.00134,0.756,0.17,0.977,119.107,241253,4
1F8FOSp9RZ2MciYto5V47P,Take Me On,Speedometer,0.761,0.821,5,-6.309,0,0.0321,0.00873,0.00423,0.147,0.905,106.401,222107,4
06u7kUlGBHE26tzB0vANF7,Jealous,Diplomats of Solid Sound,0.609,0.858,0,-5.019,0,0.0494,0.0165,0.0812,0.0644,0.933,104.422,181240,4
0W7Z9edIuagr1TmOTzNVMW,Little Love,The Soul Snatchers,0.797,0.791,4,-6.282,0,0.108,0.242,0.000111,0.0694,0.962,78.01,278453,4
3XdtfkqsjOEFwT1peCV8b9,Cook It Up (feat. P.F.A.C.),Aesop Rock,0.782,0.724,1,-7.503,1,0.408,0.505,0,0.639,0.764,82.089,225707,4
0zxKXN0V3FhW2ltycon0dh,Friend of Mine,The Cold Stares,0.654,0.785,2,-4.165,1,0.0396,0.0185,0.0000593,0.059,0.688,176.037,161813,4
4eMxLQtSdgxdA1Hs6D2YuN,In Hell I'll Be in Good Company,The Dead South,0.772,0.235,7,-9.075,0,0.0479,0.753,0.00125,0.111,0.703,154.802,245320,4
5voIoFpbuy0frbhBzqenqC,Scarlet Town,Chris Thile,0.618,0.172,7,-15.342,1,0.0518,0.969,0.0321,0.079,0.462,152.435,363107,4
3j5V7IBvCa6P6JhZnCjT7F,The Only Way,Tricky,0.656,0.421,4,-8.528,1,0.0291,0.248,0.775,0.1,0.1,120.012,291040,4
2T3WJZLfknGj7ihx24Ody3,DROPS OF HAPPINESS,T-SQUARE,0.483,0.66,6,-9.783,0,0.0388,0.164,0.918,0.0967,0.717,190.186,270467,3
1HRfk33rb6Td8NqQsZ2wC8,Tear The Roof Off (feat. Watsky),Bliss n Eso,0.736,0.89,1,-5.07,0,0.249,0.161,0,0.166,0.679,142.101,206244,4
5PqdGrQr36yD6luUNJg3up,Multiplier,The Greyboy Allstars,0.597,0.909,4,-7.36,0,0.0482,0.00361,0.698,0.251,0.86,107.88,275933,4
6Q90anzFub9ZhzmhLLwuZA,Gotta Get My Hands On Some (Money),Fatback Band,0.802,0.818,5,-7.922,1,0.13,0.238,0.376,0.152,0.73,118.779,226107,4
7b3ceiH1Cy03cR0GtlqgHV,Tripped Out Slim,Trombone Shorty,0.758,0.792,3,-5.59,1,0.079,0.133,0.0138,0.0245,0.666,115.752,139105,4
0HCLvzjx8mkL7OAvRg9osD,Phat Not Flat,Mauro Ottolini 8Funk Project,0.636,0.679,10,-10.871,0,0.111,0.207,0.000105,0.176,0.561,98.971,335280,4
4O0XfFuNoOGaHCqzelMylQ,Don't Wake Me,Moonchild,0.626,0.361,11,-12.054,1,0.19,0.605,0.059,0.0714,0.724,83.501,284987,4
2y6rfQMvcFhJSiOMDqgqI2,How Else (feat. Rich The Kid & ILoveMakonnen),Steve Aoki,0.798,0.834,1,-1.833,1,0.0371,0.00323,0.0000808,0.151,0.728,149.984,172800,4
1kId8o2NIHcg8bmqmuIg1w,Repress,Ordinance,0.612,0.97,6,-4.362,1,0.0613,0.00557,0.000251,0.32,0.333,117.517,271625,4
6o69IdDbK3CSUUQfXlX2CN,The Blind Watchmaker,Spheron,0.269,0.995,2,-3.656,0,0.165,0.00227,0.719,0.0517,0.131,112.398,417613,4
60IZhkTMKK41UKgIcHY4ns,Fashion,Owane,0.326,0.649,6,-11.612,1,0.0514,0.041,0.868,0.106,0.337,149.751,231475,4
39uUVImdhfZmDdbq4xectp,Don't Fuck With Joe,The Blackwater Fever,0.392,0.708,1,-6.82,1,0.0588,0.0415,0.000464,0.256,0.483,157.414,204550,4
6sHU7JZXvhLt4HXRSKuHic,Southern Outlaw,Stone Machine,0.4,0.75,6,-4.563,0,0.0448,0.109,0,0.197,0.822,170.258,165640,4
7k5xsLopn4tgTYsXXuSaEg,Proper Funds,Tub Ring,0.79,0.617,1,-4.744,1,0.0623,0.0503,0.0032,0.0923,0.532,83.974,92857,4
7wlcweEsneQgizqNOrUqJE,Shaolin Monk Motherfunk,Hiatus Kaiyote,0.415,0.463,6,-9.86,0,0.0823,0.134,0.00255,0.101,0.573,96.1,350533,4
4DNJDt8cxCSLT81rjlD6h4,One Way Outta Here,The Cold Stares,0.525,0.854,1,-6.294,1,0.0654,0.0102,0.000275,0.346,0.469,82.973,226600,4
1scrlKynvXpAbnZ2r7GU1c,Chalk and Coal,Iamthemorning,0.429,0.464,10,-15.138,0,0.043,0.535,0.0543,0.139,0.0408,127.025,297059,4
5JpOCHGH1Wq1RFSLJteufN,Over Your Shoulder,Chromeo,0.784,0.653,2,-6.338,0,0.0404,0.322,0.00028,0.163,0.905,114.002,272147,4
4T1168WOWj7Ch7DbbNEFp7,Crumbling Castle,King Gizzard & The Lizard Wizard,0.348,0.738,6,-7.221,0,0.0447,0.136,0.0327,0.0689,0.593,99.771,644256,3
13mDG8jaeiaquPfyxYhjxF,Sour Apples,The Cool Kids,0.742,0.721,9,-8.149,0,0.211,0.18,0,0.0521,0.492,104.087,153493,4
1vdgTDW98RoUCUEg9Qx0O1,Stockholm Syndrome,That Handsome Devil,0.738,0.716,10,-6.422,0,0.0527,0.00245,0.0313,0.0279,0.829,100.094,165840,4
3D73qlO3Nkoj7H3mr54ron,Prinoner of the Tiki Room,Mojo Nixon,0.494,0.381,9,-7.21,1,0.046,0.776,0.00118,0.0728,0.529,103.58,151532,4
48td6xvpokdYwvbl3JIiXP,Love Never Felt so Good,Michael Jackson,0.775,0.719,7,-6.212,0,0.0435,0.132,0.00000179,0.0662,0.712,117.513,246027,4
1SHK388zuZzBCiUP5KOiAe,Master Plan,Federal Charm,0.314,0.883,7,-3.67,1,0.0459,0.000601,0.00028,0.275,0.564,80.484,196016,4
6LaEaOwWkvP8DWa7S3yXkC,Afterburger,Arch Echo,0.366,0.989,2,-3.378,1,0.176,0.00036,0.863,0.143,0.235,166.911,309947,4
5KbQA1Nx5MDQlqeX1yg3ae,Breakout,Derek Frank,0.656,0.944,2,-5.048,1,0.0482,0.114,0.241,0.107,0.699,130.099,306573,4
0mcO5BXKTvLug9sjHqQodZ,T.M.P.,Big Sam's Funky Nation,0.538,0.894,1,-9.212,1,0.0492,0.0321,0.879,0.129,0.756,121.56,263147,4
14IwWPbLxITWFEJRvGnFi1,By Your Side,"Soil & ""Pimp"" Sessions",0.73,0.683,7,-9.067,0,0.225,0.722,0.00477,0.034,0.85,93.929,279600,4
28koESEoRVuT0dKEp9UEnw,Spotlight,Jazztronik,0.56,0.794,0,-4.647,1,0.327,0.43,0.00000513,0.0337,0.854,187.629,252560,4
0O21ezSaL48lYRUsnT3WJ0,Have a Nice Day!,H ZETTRIO,0.632,0.508,7,-9.101,1,0.0916,0.657,0.715,0.333,0.603,101.459,263960,4
2fAECghmrOUoo7rwLZVqrN,Turning Points,Addison Groove Project,0.55,0.804,7,-4.305,0,0.0401,0.206,0.217,0.0603,0.79,112.461,393480,4
5PtCTa4Br6JKUUUikVRam3,Postcards,Grieves,0.658,0.756,4,-6.788,0,0.263,0.0335,0.00016,0.254,0.607,148.104,228227,4
1FL09Ba2cWrKiqEpTUiOHL,Time Wasters,Gentleman's Pistols,0.359,0.894,11,-6.248,0,0.212,0.000124,0.166,0.157,0.684,85.165,349340,4
78qpAvQJ05dgqke1lX63PP,Is Okay,Seyo,0.793,0.871,11,-6.235,1,0.0667,0.108,0.000229,0.147,0.656,143.988,196046,4
6nO0XhSYtZ4wqJt5J5TpCO,What I Wanted (feat. Moli),Fabich,0.82,0.705,9,-6.068,0,0.417,0.191,0,0.2,0.586,127.079,152599,4
4JXXyXK12F0LGuYyxI1DGv,Bet Ain't Worth the Hand,Leon Bridges,0.546,0.539,4,-5.588,1,0.0346,0.777,0,0.124,0.286,119.637,185893,4
5EpVXKDlmJP9y5BSBwLqtZ,Run Away (Eric Lau & Kaidi Tatham Remix),Moonchild,0.781,0.449,1,-4.937,0,0.107,0.292,0.00467,0.422,0.522,92.999,208631,4
79esEXlqqmq0GPz0xQSZTV,Lost In Japan,Shawn Mendes,0.713,0.738,10,-6.784,1,0.374,0.255,0,0.106,0.425,105.027,201200,4
53VM4gvsYb6ONo53dV27Kt,Spread It All Around,The Hipstones,0.648,0.611,10,-8.105,0,0.0408,0.183,0.00172,0.0973,0.544,101.191,330520,4
17WvqOCeq5E2nWMOvdRsvz,Nothing in the World,The Hipstones,0.557,0.532,8,-6.666,1,0.0514,0.208,0.0000246,0.0362,0.277,128.086,234947,4
3O6uYNUr3xLaBlFoZnxIcM,Stop It,Johnny Sketch & The Dirty Notes,0.768,0.631,6,-6.67,1,0.0711,0.073,0.00021,0.0684,0.878,120.034,280947,4
5OG8AIpj2rLoh9tNZyL6lg,Funk Forever,The Pendletons,0.85,0.634,8,-8.525,0,0.199,0.00282,0.000932,0.122,0.807,115.944,264828,4
3WdXUWFdf1js00jNSpZU0U,Messenger (feat. Aaron Marshall),Sithu Aye,0.432,0.819,5,-4.648,0,0.0465,0.0000984,0.828,0.111,0.504,156.007,340096,4
0d2XP7551co5Ij7TUHrne1,Without A Sound,Edison Glass,0.432,0.811,10,-4.048,0,0.0715,0.000365,0.000234,0.0686,0.544,174.949,240512,4
6Oj4srr7wuNg5MEG4qWqSw,Things Ain't What They Was,Mingo Fishtrap,0.656,0.578,0,-8.235,1,0.0306,0.294,0.00178,0.533,0.737,97.001,242440,4
39hnH8WdPmNT3Q3yzwC9Rg,Why You Always Hatin?,YG,0.926,0.336,0,-9.326,0,0.594,0.0392,0,0.138,0.38,92.995,196600,4
6iaEL3KYwAb1cUtdOjSxNl,Don't Come To LA,YG,0.689,0.564,0,-8.604,1,0.189,0.021,0.0000423,0.472,0.107,100.002,215573,4
5ZxteN0udBmAcPxzpcq6cY,A Fleeting Glance,Opeth,0.48,0.385,11,-11.465,0,0.0269,0.0525,0.0274,0.107,0.332,155.074,306653,3
3oNn2Qg40BPekTa4zxpSp2,Blue in Green,Anti-Lilly & Phoniks,0.792,0.538,11,-8.654,0,0.314,0.535,0,0.122,0.761,91.992,200829,4
0Oqhw691klP8oeKM3joA9g,Blue in Green,Weldon Irvine,0.65,0.948,10,-7.813,0,0.0524,0.000328,0.793,0.217,0.714,111.565,355080,4
0eLvWUMEyflsaEfP6PPr1h,Blue In Green,Gretchen Parlato,0.504,0.327,1,-14.356,1,0.028,0.815,0.806,0.106,0.295,106.634,251655,1
5jtSajjfhRRPozlv03Ue13,My Friend Blue,Fillmore Slim,0.75,0.578,9,-5.442,0,0.0356,0.405,0.0000537,0.046,0.622,112.352,248893,3
5nSrNZnwiEu0Y9oQEeYPoM,Ahead of My Time,Anti Lilly,0.782,0.598,3,-8.459,0,0.581,0.303,0,0.098,0.896,85.825,148372,4
6FrFMAGUpH6DT52Czad1RN,Stare At The Sun,Mutemath,0.46,0.72,6,-6.494,1,0.042,0.00259,0.0000109,0.372,0.647,181.92,273040,3
5jz2XYi3qJC3nN62FW1PUp,Sentient (feat. Hayley Stewart),Perturbator,0.494,0.79,8,-4.165,1,0.0338,0.013,0.233,0.165,0.0398,120.006,332976,4
0ZdPv45oVlh5eI9EnBCun6,Smack (feat. Ty Dolla $ign & IAMSU!),Audio Push,0.728,0.635,8,-9.068,1,0.285,0.124,0,0.701,0.56,97.011,306547,4
1iMFCmdgckITIcGKcAnYji,Baptism of Fire,Sahg,0.263,0.914,9,-4.922,1,0.0555,0.00176,0,0.173,0.43,113.807,219293,4
6tw4HTcqBCIvznYgJ8zmsf,The Voluptuous Panic,Born Again Floozies,0.679,0.724,10,-10.11,1,0.0855,0.0377,0.149,0.143,0.603,88.003,130653,4
6or1VbOYOIjDPxJxyjZvuE,Holland,Brad Mehldau Trio,0.414,0.267,10,-17.391,0,0.0338,0.824,0.934,0.109,0.327,110.242,526613,3
5xAfdl3UzWnifSOvlVJUXn,Hats Off to Harry,Maceo Parker,0.548,0.848,7,-4.735,1,0.305,0.172,0.000123,0.253,0.647,203.781,277227,4
36XAzscdDbMhQrKj3GF8jp,Hide It,Groove Collective,0.469,0.909,1,-5.114,1,0.0397,0.0871,0.921,0.0779,0.675,137.32,291875,4
5oCesSn1ndF0E9nQTq9xPV,Lights,The Brand New Heavies,0.764,0.566,0,-12.578,1,0.0429,0.0468,0.000305,0.0792,0.937,120.072,251440,4
7HhyLr4dm0wZylFWYz9mSw,Nightingale,Dirt Poor Robins,0.214,0.365,3,-9.466,1,0.0337,0.909,0.00202,0.107,0.112,130.426,239307,3
7extBYaQIMjgCXWjdj2xwJ,Real Thing,Bondax,0.808,0.681,2,-5.959,0,0.0367,0.0949,0.0198,0.25,0.612,108.982,215653,4
5aTqkzPP9PJ7wta153R5Xt,Shake It Out,Grace Love and the True Loves,0.626,0.724,10,-6.031,0,0.0641,0.144,0.000104,0.0676,0.754,130.673,199933,4
1hlgcF5OeXLywadYzMrWuE,It's over Now,Kennedy Administration,0.72,0.831,1,-4.731,1,0.187,0.0489,0,0.0743,0.667,107.124,228880,4
5FS2gDV79Kz3WI2aZNBga2,Matches (Prod. Rube) [feat. Dem Atlas],Guante,0.727,0.918,6,-4.232,1,0.215,0.118,0,0.141,0.815,95.455,244132,4
35Cy1KKtZ9YfuDAOAmzc4R,Our Affairs,Cory Henry & The Funk Apostles,0.817,0.586,11,-9.521,0,0.0802,0.0263,0.00464,0.0812,0.752,107.972,320800,4
6R3h3NApczKdF0GHqLD1Iv,Buddha (feat. Johnny O'Hagan),Strawberry Girls,0.282,0.815,11,-6.976,0,0.0389,0.000588,0.79,0.119,0.11,145.978,393026,3
0k5M5HOsekGYn7GKVUfBGc,Step By Step,Jesse Winchester,0.522,0.463,9,-10.341,0,0.0393,0.258,0,0.159,0.92,171.682,177467,4
3AsxPFJbPVU3wUnPrDLn4s,Holding My Own,Her Songs,0.675,0.54,8,-6.26,0,0.0382,0.632,0.0000619,0.176,0.41,89.014,204400,4
0ulct3cASnhGvaGhFIuIyZ,Temptation,Raveena,0.734,0.541,7,-8.86,1,0.131,0.454,0.000851,0.132,0.501,140.044,248738,4
6yViG0VPb3CCDIOwzAAzhq,Lightwork,Tinie Tempah,0.814,0.904,1,-1.951,1,0.0553,0.018,0.000124,0.0647,0.491,105.029,224400,4
3UXrGL6fSOpHRE0SoyX6ez,Gangsta Song,E-40,0.799,0.685,7,-4.672,1,0.18,0.118,0,0.491,0.357,97.962,210053,4
1nIKpbGBEPidzXgWrdnh1H,Jumbo,Punch Brothers,0.773,0.28,8,-12.355,0,0.0694,0.964,0.0128,0.131,0.372,93.521,215627,4
0XOMoQbYxYPVLxwK4VDmNA,All Of A Sudden,Lil Baby,0.759,0.732,1,-5.546,1,0.118,0.000142,0.0016,0.0626,0.379,140.005,169187,4
2XOBCQRuNNeOt6HnHV12x2,Afterglow,Tkay Maidza,0.746,0.793,7,-6.12,1,0.0791,0.0018,0.0572,0.262,0.392,100.046,180227,4
39quck8Ns0AgGSpWZBsJ4M,Numbers,The Flower Kings,0.231,0.758,9,-6.535,0,0.0594,0.326,0.000535,0.106,0.185,165.705,1526547,4
3rt0G9i8LVEWyJyTPyl5pV,Leftside,Audio Push,0.626,0.838,9,-3.88,0,0.281,0.227,0,0.202,0.784,94.207,181634,4
5QguCySD3HC1yB22ejFjAz,Move Forward,The Lox,0.637,0.921,4,-2.004,0,0.276,0.186,0,0.0819,0.91,94.057,229253,4
7jKUnzzOGhAlPjr7LkIUlE,Momma I Hit A Lick (feat. Kendrick Lamar),2 Chainz,0.796,0.467,11,-6.293,1,0.34,0.202,0.0000332,0.206,0.4,179.974,173760,3
2jB4X5P7fMfpG3Nj8jrgCG,Death Or Devotion,The Motet,0.824,0.492,10,-6.328,0,0.128,0.143,0.00179,0.0694,0.864,89.962,265800,4
41uX0L4bro4KfKtDIIEFFe,FUN!,Vince Staples,0.953,0.554,0,-5.12,1,0.076,0.616,0.000869,0.106,0.457,101.011,171107,4
6DCZcSspjsKoFjzjrWoCd,God's Plan,Drake,0.754,0.449,7,-9.211,1,0.109,0.0332,0.0000829,0.552,0.357,77.169,198973,4
3ee8Jmje8o58CHK66QrVC,SAD!,XXXTENTACION,0.74,0.613,8,-4.88,1,0.145,0.258,0.00372,0.123,0.473,75.023,166606,4
0e7ipj03S05BNilyu5bRz,rockstar (feat. 21 Savage),Post Malone,0.587,0.535,5,-6.09,0,0.0898,0.117,0.0000656,0.131,0.14,159.847,218147,4
3swc6WTsr7rl9DqQKQA55,Psycho (feat. Ty Dolla $ign),Post Malone,0.739,0.559,8,-8.011,1,0.117,0.58,0,0.112,0.439,140.124,221440,4
2G7V7zsVDxg1yRsu7Ew9R,In My Feelings,Drake,0.835,0.626,1,-5.833,1,0.125,0.0589,0.00006,0.396,0.35,91.03,217925,4
7dt6x5M1jzdTEt8oCbisT,Better Now,Post Malone,0.68,0.563,10,-5.843,1,0.0454,0.354,0,0.136,0.374,145.028,231267,4
58q2HKrzhC3ozto2nDdN4,I Like It,Cardi B,0.816,0.726,5,-3.998,0,0.129,0.099,0,0.372,0.65,136.048,253390,4
7ef4DlsgrMEH11cDZd32M,One Kiss (with Dua Lipa),Calvin Harris,0.791,0.862,9,-3.24,0,0.11,0.037,0.0000219,0.0814,0.592,123.994,214847,4
76cy1WJvNGJTj78UqeA5z,IDGAF,Dua Lipa,0.836,0.544,7,-5.975,1,0.0943,0.0403,0,0.0824,0.51,97.028,217947,4
08bNPGLD8AhKpnnERrAc6,FRIENDS,Marshmello,0.626,0.88,9,-2.384,0,0.0504,0.205,0,0.128,0.534,95.079,202621,4
1rfofaqEpACxVEHIZBJe6,Havana,Camila Cabello,0.765,0.523,2,-4.333,1,0.03,0.184,0.0000356,0.132,0.394,104.988,217307,4
0s3nnoMeVWz3989MkNQiR,Lucid Dreams,Juice WRLD,0.511,0.566,6,-7.23,0,0.2,0.349,0,0.34,0.218,83.903,239836,4
3CA9pLiwRIGtUBiMjbZmR,Nice For What,Drake,0.586,0.909,8,-6.474,1,0.0705,0.0891,0.000109,0.119,0.757,93.394,210747,4
7fa9MBXhVfQ8P8Df9OEbD,Girls Like You (feat. Cardi B),Maroon 5,0.851,0.541,0,-6.825,1,0.0505,0.568,0,0.13,0.448,124.959,235545,4
09IStsImFySgyp0pIQdqA,The Middle,Zedd,0.753,0.657,7,-3.061,1,0.0449,0.171,0,0.112,0.437,107.01,184732,4
3GCdLUSnKSMJhs4Tj6CV3,All The Stars (with SZA),Kendrick Lamar,0.698,0.633,8,-4.946,1,0.0597,0.0605,0.000194,0.0926,0.552,96.924,232187,4
2qT1uLXPVPzGgFOx4jtEu,no tears left to cry,Ariana Grande,0.699,0.713,9,-5.507,0,0.0594,0.04,0.00000311,0.294,0.354,121.993,205920,4
39N9RPD9MRb5WmoLzNzPe,X,Nicky Jam,0.595,0.773,9,-4.736,0,0.0549,0.0364,0.00108,0.334,0.711,180.073,173628,4
0JP9xo3adEtGSdUEISisz,Moonlight,XXXTENTACION,0.921,0.537,9,-5.723,0,0.0804,0.556,0.00404,0.102,0.711,128.009,135090,4
4qKcDkK6siZ7Jp1Jb4m0a,Look Alive (feat. Drake),BlocBoy JB,0.922,0.581,10,-7.495,1,0.27,0.00104,0.0000586,0.105,0.595,140.022,181263,4
5CLGzJsGqhCEECcpnFQA8,"These Days (feat. Jess Glynne, Macklemore & Dan Caplen)",Rudimental,0.653,0.809,0,-4.057,1,0.0474,0.194,0,0.165,0.55,92.213,210773,4
3V8UKqhEK5zBkBb6d6ub8,Te Bot? - Remix,Nio Garcia,0.903,0.675,11,-3.445,0,0.214,0.542,0.0000128,0.0595,0.442,96.507,417920,4
7uzmGiiJyRfuViKKK3lVm,Mine,Bazzi,0.71,0.789,4,-3.874,1,0.0722,0.0161,0.00000277,0.451,0.717,142.929,131064,4
2iUXsYOEPhVqEBwsqP70r,Youngblood,5 Seconds of Summer,0.596,0.854,7,-5.114,0,0.463,0.0169,0,0.124,0.152,120.274,203418,4
2xJCMIJfcNYDc5iR0sAm2,New Rules,Dua Lipa,0.762,0.7,9,-6.021,0,0.0694,0.00261,0.0000156,0.153,0.608,116.073,209320,4
7qiZfU4dY1lWllzX7mPBI,Shape of You,Ed Sheeran,0.825,0.652,1,-3.183,0,0.0802,0.581,0,0.0931,0.931,95.977,233713,4
45Egmo7icyopuzJN0oMEd,Love Lies (with Normani),Khalid,0.708,0.648,6,-5.626,1,0.0449,0.0956,0,0.134,0.338,143.955,201707,4
4e4fqjx0Izh4svvTef1z7,Meant to Be (feat. Florida Georgia Line),Bebe Rexha,0.642,0.772,10,-6.61,1,0.0848,0.0476,0,0.0646,0.589,153.995,164205,4
7m9OqQk4RVRkw9JJdeAw9,Jocelyn Flores,XXXTENTACION,0.872,0.391,0,-9.144,0,0.242,0.469,0.00000413,0.297,0.437,134.021,119133,4
0tgVpDi06FyKpA1z0VMD4,Perfect,Ed Sheeran,0.599,0.448,8,-6.312,1,0.0232,0.163,0,0.106,0.168,95.05,263400,3
5IaHrVsrferBYDm0bDyAB,Taste (feat. Offset),Tyga,0.884,0.559,0,-7.442,1,0.12,0.0236,0,0.101,0.342,97.994,232959,4
6kPJZM97LwdG9QIsT7khp,Solo (feat. Demi Lovato),Clean Bandit,0.737,0.636,11,-4.546,0,0.0437,0.0441,0.0000666,0.35,0.565,105.005,222653,4
75ZvA4QfFiZvzhj2xkaWA,I Fall Apart,Post Malone,0.556,0.538,8,-5.408,0,0.0382,0.0689,0,0.196,0.291,143.95,223347,4
63SevszngYpZOwf63o61K,Nevermind,Dennis Lloyd,0.592,0.691,3,-8.354,1,0.196,0.156,0.00000978,0.418,0.0796,99.976,156600,4
2hl6q70unbviGo3g1R7uF,?chame La Culpa,Luis Fonsi,0.726,0.889,0,-3.655,1,0.0429,0.0328,0,0.0925,0.649,96.024,173720,4
0d2iYfpKoM0QCKvcLCkBa,Eastside (with Halsey & Khalid),benny blanco,0.56,0.68,6,-7.648,0,0.321,0.555,0,0.116,0.319,89.391,173800,4
4eWQlBRaTjPPUlzacqEeo,Never Be the Same,Camila Cabello,0.637,0.713,0,-4.333,1,0.0747,0.181,0.000637,0.137,0.243,129.923,226973,4
0tBbt8CrmxbjRP0pueQky,Wolves,Selena Gomez,0.72,0.807,11,-4.59,0,0.0432,0.129,0,0.183,0.305,124.946,197993,4
7AFASza1mXqntmGtbxXpr,changes,XXXTENTACION,0.669,0.308,11,-10.068,1,0.029,0.883,0,0.0984,0.52,64.934,121887,4
0E9ZjEAyAwOXZ7wJC0PD3,In My Mind,Dynoro,0.694,0.77,6,-5.335,1,0.149,0.176,0.000011,0.118,0.163,125.905,184560,4
1cS0TgbR263ey9jn0MwD2,River (feat. Ed Sheeran),Eminem,0.748,0.749,8,-5.916,0,0.516,0.142,0,0.0713,0.659,90.09,221013,4
6KuqAtoeVzxAYOaMveLNp,Dura,Daddy Yankee,0.791,0.848,1,-3.456,1,0.0506,0.183,0,0.409,0.828,95,200480,4
2xLMifQCjDGFmkHkpNLD9,SICKO MODE,Travis Scott,0.834,0.73,8,-3.714,1,0.222,0.00513,0,0.124,0.446,155.008,312820,4
1zB4vmk8tFRmM9UULNzbL,Thunder,Imagine Dragons,0.605,0.822,0,-4.833,1,0.0438,0.00671,0.134,0.147,0.288,167.997,187147,4
6jA8JUuPCGYjFcgw0AoM5,Me Niego,Reik,0.777,0.779,0,-4.449,0,0.0972,0.0543,0,0.636,0.768,94.023,221653,4
4kWO6O1BUXcZmaxitpVUw,Jackie Chan,Ti?sto,0.747,0.834,3,-2.867,0,0.045,0.374,0,0.0586,0.687,128.005,215760,4
3Vo4wInECJQuz9BIBMOu8,Finesse (Remix) [feat. Cardi B],Bruno Mars,0.704,0.859,5,-4.877,0,0.0996,0.0185,0,0.0215,0.926,105.115,217289,4
4hQ6UGyWQIGJmHSo0J88J,Back To You - From 13 Reasons Why ? Season 2 Soundtrack,Selena Gomez,0.601,0.724,6,-4.856,1,0.0486,0.0945,0.00000168,0.12,0.508,102.061,207905,4
52okn5MNA47tk87PeZJLE,Let You Down,NF,0.656,0.721,5,-5.665,0,0.122,0.298,0,0.173,0.468,148.066,212120,4
1gm616Plq4ScqNi7TVkZ5,Call Out My Name,The Weeknd,0.489,0.598,1,-4.929,1,0.036,0.218,0,0.35,0.172,134.045,228373,3
7sO5G9EABYOXQKNPNiE9N,Ric Flair Drip (& Metro Boomin),Offset,0.88,0.428,9,-8.28,1,0.206,0.149,0.0000507,0.114,0.333,100.007,172800,4
2dpaYNEQHiRxtZbfNsse9,Happier,Marshmello,0.687,0.792,5,-2.749,1,0.0452,0.191,0,0.167,0.671,100.015,214290,4
1mXVgsBdtIVeCLJnSnmtd,Too Good At Goodbyes,Sam Smith,0.698,0.375,5,-8.279,1,0.0491,0.652,0,0.173,0.534,91.92,201000,4
10Igtw8bSDyyFs7KIsKng,Freaky Friday (feat. Chris Brown),Lil Dicky,0.755,0.599,8,-5.042,1,0.224,0.147,0,0.109,0.755,133.123,216632,4
0pqnGHJpmpxLKifKRmU6W,Believer,Imagine Dragons,0.776,0.78,10,-4.374,0,0.128,0.0622,0,0.081,0.666,124.949,204347,4
2E124GmJRnBJuXbTb4cPU,FEFE (feat. Nicki Minaj & Murda Beatz),6ix9ine,0.931,0.387,1,-9.127,1,0.412,0.088,0,0.136,0.376,125.978,179405,4
3KLygy1YWhmrQx0GRs7IO,Rise,Jonas Blue,0.687,0.785,1,-4.65,1,0.0333,0.327,0,0.203,0.655,106.046,194408,4
7K7MUBCnzgBAvMVW2RTWN,Body (feat. brando),Loud Luxury,0.752,0.764,1,-4.399,1,0.038,0.0476,0.0000944,0.0543,0.582,121.958,163216,4
7GX5flRQZVHRAGd6B4TmD,XO TOUR Llif3,Lil Uzi Vert,0.732,0.75,11,-6.366,0,0.231,0.00264,0,0.109,0.401,155.096,182707,4
2ijef6ni2amuunRoKTlgw,Sin Pijama,Becky G,0.791,0.745,11,-3.695,0,0.0464,0.354,0.0000293,0.104,0.82,94.014,188560,4
2BgEsaKNfHUdlh97KmvFy,2002,Anne-Marie,0.697,0.683,1,-2.881,0,0.117,0.0372,0,0.137,0.603,96.133,186987,4
0TlLq3lA83rQOYtrqBqSc,Nonstop,Drake,0.912,0.412,7,-8.074,1,0.124,0.0164,0.013,0.104,0.422,154.983,238614,4
7AQim7LbvFVZJE3O8TYgf,Fuck Love (feat. Trippie Redd),XXXTENTACION,0.797,0.533,0,-9.74,0,0.0412,0.0172,0.000152,0.103,0.329,131.036,146520,4
2QZ7WLBE8h2y1Y5Fb8RYb,In My Blood,Shawn Mendes,0.622,0.712,5,-7.321,1,0.066,0.0573,0,0.13,0.487,140.025,211360,4
7vGuf3Y35N4wmASOKLUVV,Silence,Marshmello,0.52,0.761,4,-3.093,1,0.0853,0.256,0.00000496,0.17,0.286,141.971,180823,4
5OCJzvD7sykQEKHH7qAC3,God is a woman,Ariana Grande,0.602,0.658,1,-5.934,1,0.0558,0.0233,0.00006,0.237,0.268,145.031,197547,4
1j6xOGusnyXq3l6IryKF3,D?jala que vuelva (feat. Manuel Turizo),Piso 21,0.681,0.788,1,-4.323,1,0.0785,0.0482,0,0.0753,0.839,170.019,220117,4
66BjcDhhwWCcQIBxHMpKX,Flames,David Guetta,0.631,0.649,5,-5.892,0,0.0385,0.0817,0.0000038,0.0934,0.421,93.95,194680,4
0WdGQhoAP2LBsqr5Jhit2,What Lovers Do,Maroon 5,0.799,0.597,5,-5.131,0,0.0611,0.0788,0.00000566,0.1,0.419,110.001,199849,4
4w8niZpiMy6qz1mntFA5u,"Taki Taki (with Selena Gomez, Ozuna & Cardi B)",DJ Snake,0.841,0.798,1,-4.206,0,0.229,0.153,0.00000333,0.0618,0.591,95.948,212500,4
5Gu0PDLN4YJeW75PpBSg9,"Let Me Go (with Alesso, Florida Georgia Line & watt)",Hailee Steinfeld,0.663,0.708,8,-4.154,1,0.0473,0.0337,0,0.0841,0.742,103.073,174800,4
6QgjcU0zLnzq5OrUoSZ3O,Feel It Still,Portugal. The Man,0.801,0.795,1,-5.115,0,0.0504,0.0417,0.000113,0.0717,0.754,79.028,163253,4
77UjLW8j5UAGAGVGhR5oU,Pray For Me (with Kendrick Lamar),The Weeknd,0.735,0.677,2,-4.979,1,0.093,0.0762,0.0000217,0.111,0.188,100.584,211440,4
6n4U3TlzUGhdSFbUUhTvL,Walk It Talk It,Migos,0.909,0.628,2,-5.456,1,0.201,0.0739,0,0.108,0.406,145.905,276147,4
5k38wzpLb15YgncyWdTZE,Him & I (with Halsey),G-Eazy,0.589,0.731,2,-6.343,1,0.0868,0.0534,0,0.308,0.191,87.908,268867,4
32lItqlMi4LBhb4k0BaSa,Candy Paint,Post Malone,0.67,0.654,4,-5.944,1,0.153,0.627,0.00000102,0.071,0.438,180.024,227533,4
3a1lNhkSLSkpJE4MSHpDu,Congratulations,Post Malone,0.63,0.804,6,-4.183,1,0.0363,0.215,0,0.253,0.492,123.146,220293,4
4QtiVmuA88tPQiCOHZuQ5,"1, 2, 3 (feat. Jason Derulo & De La Ghetto)",Sofia Reyes,0.792,0.895,1,-3.112,0,0.0589,0.165,0,0.0501,0.794,94.968,201526,4
6Za3190Sbw39BBC77WSS1,Criminal,Natti Natasha,0.814,0.813,2,-3.023,0,0.0561,0.03,0.0000933,0.255,0.839,79.997,232550,4
1ZAyjvIk9YiD76yYy0TEG,Plug Walk,Rich The Kid,0.876,0.519,11,-6.531,1,0.143,0.202,0,0.108,0.158,94.981,175230,4
0u2P5u6lvoDfwTYjAADbn,lovely (with Khalid),Billie Eilish,0.351,0.296,4,-10.109,0,0.0333,0.934,0,0.095,0.12,115.284,200186,4
2UVbBKQOdFAekPTRsnkzc,Stir Fry,Migos,0.815,0.816,2,-5.474,1,0.269,0.00299,0,0.159,0.498,181.967,190288,4
7KXjTSCq5nL1LoYtL7XAw,HUMBLE.,Kendrick Lamar,0.908,0.621,1,-6.638,0,0.102,0.000282,0.0000539,0.0958,0.421,150.011,177000,4
48zFZh27QU5qsrBjn4C2F,Vaina Loca,Ozuna,0.754,0.805,6,-4.249,1,0.0752,0.315,0,0.203,0.555,93.983,176133,4
1bhUWB0zJMIKr9yVPrkEu,Perfect Duet (Ed Sheeran & Beyonc?),Ed Sheeran,0.587,0.299,8,-7.365,1,0.0263,0.779,0,0.123,0.356,94.992,259550,3
5cepAtqnEQ6yVG6088zMM,Coraz?n (feat. Nego do Borel),Maluma,0.722,0.738,9,-6.073,0,0.247,0.328,0.0000147,0.198,0.748,198.075,184720,4
5Z3GHaZ6ec9bsiI5Benrb,Young Dumb & Broke,Khalid,0.798,0.539,1,-6.351,1,0.0421,0.199,0.0000166,0.165,0.394,136.949,202547,4
5Y9fnynLlIvqtM710MHzf,S?guelo Bailando,Ozuna,0.855,0.664,9,-7.11,0,0.0607,0.165,0.0000397,0.0937,0.626,98.015,226800,4
3Ga6eKrUFf12ouh9Yw3v2,Downtown,Anitta,0.775,0.679,4,-4.985,0,0.135,0.18,0.0000726,0.068,0.619,166.008,193456,4
3xcCix7Jv1Rp90YVmgo35,Bella,Wolfine,0.909,0.493,3,-6.688,1,0.0735,0.128,0.000147,0.127,0.844,94.016,197120,4
5N5k9nd479b1xpDZ4usjr,Promises (with Sam Smith),Calvin Harris,0.781,0.768,11,-5.991,1,0.0394,0.0119,0.00000491,0.325,0.486,123.07,213309,4
6vN77lE9LK6HP2DewaN6H,Yes Indeed,Lil Baby,0.964,0.346,5,-9.309,0,0.53,0.035,0,0.108,0.562,119.958,142273,4
2P91MQbaiQOfbiz9VqhqK,I Like Me Better,Lauv,0.752,0.505,9,-7.621,1,0.253,0.535,0.00000255,0.104,0.419,91.97,197437,4
2xGjteMU3E1tkEPVFBO08,This Is Me,Keala Settle,0.284,0.704,2,-7.276,1,0.186,0.00583,0.000115,0.0424,0.1,191.702,234707,4
3GVkPk8mqxz0itaAriG1L,Everybody Dies In Their Nightmares,XXXTENTACION,0.734,0.57,7,-7.066,0,0.133,0.847,0.0000214,0.112,0.689,129.953,95467,4
630sXRhIcfwr2e4RdNtjK,Rewrite The Stars,Zac Efron,0.684,0.619,10,-7.005,1,0.0386,0.0716,0,0.122,0.284,125.046,217440,4
2xmrfQpmS2iJExTlklLoA,I Miss You (feat. Julia Michaels),Clean Bandit,0.638,0.658,3,-6.318,1,0.0456,0.245,0.00000377,0.0919,0.33,105.076,205748,4
5WvAo7DNuPRmk4APhdPzi,No Brainer,DJ Khaled,0.552,0.76,0,-4.706,1,0.342,0.0733,0,0.0865,0.639,135.702,260000,5
1j4kHkkpqZRBwE0A4CN4Y,Dusk Till Dawn - Radio Edit,ZAYN,0.258,0.437,11,-6.593,0,0.039,0.101,0.00000127,0.106,0.0967,180.043,239000,4
3EPXxR3ImUwfayaurPi3c,Be Alright,Dean Lewis,0.553,0.586,11,-6.319,1,0.0362,0.697,0,0.0813,0.443,126.684,196373,4
